speaker_id,text,text_path,audio_path,gender,age
speaker_001,yizhin yizhizhin yitat,data/raw\speaker_001\audio_0.txt,data/raw\speaker_001\audio_0.wav,Unknown,Unknown
speaker_001,yinɛ yigwɛ yigwata,data/raw\speaker_001\audio_1.txt,data/raw\speaker_001\audio_1.wav,Unknown,Unknown
speaker_001,nupe gani nupe kogi,data/raw\speaker_001\audio_2.txt,data/raw\speaker_001\audio_2.wav,Unknown,Unknown
speaker_001,muyi tsudi etsu baba,data/raw\speaker_001\audio_3.txt,data/raw\speaker_001\audio_3.wav,Unknown,Unknown
speaker_001,egwa na egba na esan,data/raw\speaker_001\audio_4.txt,data/raw\speaker_001\audio_4.wav,Unknown,Unknown
speaker_002,tswako tswa mi na,data/raw\speaker_002\audio_0.txt,data/raw\speaker_002\audio_0.wav,Unknown,Unknown
speaker_002,efi na eya na ewo,data/raw\speaker_002\audio_1.txt,data/raw\speaker_002\audio_1.wav,Unknown,Unknown
speaker_002,gbani gbani nupe gbani,data/raw\speaker_002\audio_2.txt,data/raw\speaker_002\audio_2.wav,Unknown,Unknown
speaker_002,eba na ewo na eshe,data/raw\speaker_002\audio_3.txt,data/raw\speaker_002\audio_3.wav,Unknown,Unknown
speaker_002,tswa mi na nupe kogi,data/raw\speaker_002\audio_4.txt,data/raw\speaker_002\audio_4.wav,Unknown,Unknown
Speaker_id_1,wa jin tabbata?,data/raw\Speaker_id_1\nup_001.txt,data/raw\Speaker_id_1\nup_001.wav,Unknown,Unknown
Speaker_id_1,zhiyi mallami woyo?,data/raw\Speaker_id_1\nup_002.txt,data/raw\Speaker_id_1\nup_002.wav,Unknown,Unknown
Speaker_id_1,Nanko edajin ya bata a,data/raw\Speaker_id_1\nup_003.txt,data/raw\Speaker_id_1\nup_003.wav,Unknown,Unknown
Speaker_id_1,Eya yigbeci yigbeci u yi o,data/raw\Speaker_id_1\nup_004.txt,data/raw\Speaker_id_1\nup_004.wav,Unknown,Unknown
Speaker_id_1,Yaba ma gi dede a una u wu,data/raw\Speaker_id_1\nup_005.txt,data/raw\Speaker_id_1\nup_005.wav,Unknown,Unknown
Speaker_id_1,A woma guba gunji bo a,data/raw\Speaker_id_1\nup_006.txt,data/raw\Speaker_id_1\nup_006.wav,Unknown,Unknown
Speaker_id_1,Egaga a cin a yi jinjin a,data/raw\Speaker_id_1\nup_007.txt,data/raw\Speaker_id_1\nup_007.wav,Unknown,Unknown
Speaker_id_1,Bola la wun ze tsa,data/raw\Speaker_id_1\nup_008.txt,data/raw\Speaker_id_1\nup_008.wav,Unknown,Unknown
Speaker_id_1,Gamana wuii esa a robo a,data/raw\Speaker_id_1\nup_009.txt,data/raw\Speaker_id_1\nup_009.wav,Unknown,Unknown
Speaker_id_1,Evo ala dukun ematsa dukun ga ala evo matsa,data/raw\Speaker_id_1\nup_010.txt,data/raw\Speaker_id_1\nup_010.wav,Unknown,Unknown
Speaker_id_1,A kpe te ke sami elu nuwon na a ci ku wo da si u,data/raw\Speaker_id_1\nup_011.txt,data/raw\Speaker_id_1\nup_011.wav,Unknown,Unknown
Speaker_id_1,Ajin a gbin do ga a chi fi u yi ?,data/raw\Speaker_id_1\nup_012.txt,data/raw\Speaker_id_1\nup_012.wav,Unknown,Unknown
Speaker_id_1,ki woya jion ayi woga yi mi yannao,data/raw\Speaker_id_1\nup_013.txt,data/raw\Speaker_id_1\nup_013.wav,Unknown,Unknown
Speaker_id_1,Ekpa gbo a wo ga ebi nu a,data/raw\Speaker_id_1\nup_014.txt,data/raw\Speaker_id_1\nup_014.wav,Unknown,Unknown
Speaker_id_1,Chigbe na a le be koko nyi na kaga u zo gun a wun a zo mada,data/raw\Speaker_id_1\nup_015.txt,data/raw\Speaker_id_1\nup_015.wav,Unknown,Unknown
Speaker_id_1,A jin nyina ge ebo sun o,data/raw\Speaker_id_1\nup_016.txt,data/raw\Speaker_id_1\nup_016.wav,Unknown,Unknown
Speaker_id_1,Egaga a chin a yi jinjin a,data/raw\Speaker_id_1\nup_017.txt,data/raw\Speaker_id_1\nup_017.wav,Unknown,Unknown
Speaker_id_1,Egan dede nyika fu nuwou bipa,data/raw\Speaker_id_1\nup_018.txt,data/raw\Speaker_id_1\nup_018.wav,Unknown,Unknown
Speaker_id_1,Ewo wu za ga tsukun,data/raw\Speaker_id_1\nup_019.txt,data/raw\Speaker_id_1\nup_019.wav,Unknown,Unknown
Speaker_id_1,Fuini ga wun a nyanya nya fe a u de edza nya gwa u ?,data/raw\Speaker_id_1\nup_020.txt,data/raw\Speaker_id_1\nup_020.wav,Unknown,Unknown
Speaker_id_1,wunyi eya gbanyo kuma wunyi doka-sirri gun eya guba ni,data/raw\Speaker_id_1\nup_021.txt,data/raw\Speaker_id_1\nup_021.wav,Unknown,Unknown
Speaker_id_1,lazhi nini ke kami efin guwo beni na zandochi fe zhe kpako office yan,data/raw\Speaker_id_1\nup_022.txt,data/raw\Speaker_id_1\nup_022.wav,Unknown,Unknown
Speaker_id_1,hello ki minya jin ya woyo?Daisy fe gbin nyinzagibosoko be kuma fedun,data/raw\Speaker_id_1\nup_023.txt,data/raw\Speaker_id_1\nup_023.wav,Unknown,Unknown
Speaker_id_1,mikpe woga ewodechi woyo,data/raw\Speaker_id_1\nup_024.txt,data/raw\Speaker_id_1\nup_024.wav,Unknown,Unknown
Speaker_id_1,mikpe ena wo jin nufina yi shi lorna shi ganni mrs humpries fe zhegfan,data/raw\Speaker_id_1\nup_025.txt,data/raw\Speaker_id_1\nup_025.wav,Unknown,Unknown
Speaker_id_1,A achinga kuma wola yesa keyabo yami wokpe,data/raw\Speaker_id_1\nup_026.txt,data/raw\Speaker_id_1\nup_026.wav,Unknown,Unknown
Speaker_id_1,be dasun e Daisy fe le eyan wanawana ye tinya namba o,data/raw\Speaker_id_1\nup_027.txt,data/raw\Speaker_id_1\nup_027.wav,Unknown,Unknown
Speaker_id_1,mrs humphries lorna ga dana o?,data/raw\Speaker_id_1\nup_028.txt,data/raw\Speaker_id_1\nup_028.wav,Unknown,Unknown
Speaker_id_1,Daisy ya yigbechi ne yiyan shago na de wan etwa guba na gogan na,data/raw\Speaker_id_1\nup_029.txt,data/raw\Speaker_id_1\nup_029.wav,Unknown,Unknown
Speaker_id_1,wunfe kokin karayin ebo zandondo ga lyiu ye tagagi tetengi shikan man o,data/raw\Speaker_id_1\nup_030.txt,data/raw\Speaker_id_1\nup_030.wav,Unknown,Unknown
Speaker_id_1,minya guwa o lokpa bya wunfe gbin be tiuyin,data/raw\Speaker_id_1\nup_031.txt,data/raw\Speaker_id_1\nup_031.wav,Unknown,Unknown
Speaker_id_1,Daisy man fe ku film yan yendondo kuma to egan nan wunfe gan kpata na,data/raw\Speaker_id_1\nup_032.txt,data/raw\Speaker_id_1\nup_032.wav,Unknown,Unknown
Speaker_id_1,wunfe wagan wan nu amma wunfe da yi yendochi gwa kuma egunkpa fe be,data/raw\Speaker_id_1\nup_033.txt,data/raw\Speaker_id_1\nup_033.wav,Unknown,Unknown
Speaker_id_1,mi ga zagubaba ye wan ebo doka gbintu o,data/raw\Speaker_id_1\nup_034.txt,data/raw\Speaker_id_1\nup_034.wav,Unknown,Unknown
Speaker_id_1,unyi zahiri gan gammana wo zhuon,data/raw\Speaker_id_1\nup_035.txt,data/raw\Speaker_id_1\nup_035.wav,Unknown,Unknown
Speaker_id_1,Daisy fe yakpe ebo wun le sunna yan takada kinzhi ye,data/raw\Speaker_id_1\nup_036.txt,data/raw\Speaker_id_1\nup_036.wav,Unknown,Unknown
Speaker_id_1,gbani wunfe wo nyigagi wundochi fe kpogun kuma  bagi fe zhiugan be bere yan fushi,data/raw\Speaker_id_1\nup_037.txt,data/raw\Speaker_id_1\nup_037.wav,Unknown,Unknown
Speaker_id_1,wansheganke bagi wunchin fe ta egwa wu gwaro,data/raw\Speaker_id_1\nup_038.txt,data/raw\Speaker_id_1\nup_038.wav,Unknown,Unknown
Speaker_id_1,zandondo dan baga bwa amma wunwo bere wawagi nafe tinya dagan ni yan kata o na kuma wunfe gan afuwa zhidan baga bo,data/raw\Speaker_id_1\nup_039.txt,data/raw\Speaker_id_1\nup_039.wav,Unknown,Unknown
Speaker_id_1,woya wagan woyo lyiuye? wundan nin yan tagagi shago,data/raw\Speaker_id_1\nup_040.txt,data/raw\Speaker_id_1\nup_040.wav,Unknown,Unknown
Speaker_id_1,achiga nyizagi gubaba fe tsoba eko misun ya shago,data/raw\Speaker_id_1\nup_041.txt,data/raw\Speaker_id_1\nup_041.wav,Unknown,Unknown
Speaker_id_1,egwa dindingiuzhi fekun be dasun e,data/raw\Speaker_id_1\nup_042.txt,data/raw\Speaker_id_1\nup_042.wav,Unknown,Unknown
Speaker_id_1,Daisy fe leye ke ade kpati wunchiko dan mini tatachin yan shago kuma wunfe ga lokachi gboro,data/raw\Speaker_id_1\nup_043.txt,data/raw\Speaker_id_1\nup_043.wav,Unknown,Unknown
Speaker_id_1,zandondo fe gikini chip ke secon degina sai Diasy fe che takada eyansagi lo eba esa bichi gutswayin lo gwapin yan garadachi,data/raw\Speaker_id_1\nup_044.txt,data/raw\Speaker_id_1\nup_044.wav,Unknown,Unknown
Speaker_id_1,kubetin kubetin masoyi yentsugi oh wangi nyanmin mi ya sudan sarayin amma ke wo kpekpe ke min dan damuwa o na?,data/raw\Speaker_id_1\nup_045.txt,data/raw\Speaker_id_1\nup_045.wav,Unknown,Unknown
Speaker_id_1,woga ka takada nanao?,data/raw\Speaker_id_1\nup_046.txt,data/raw\Speaker_id_1\nup_046.wav,Unknown,Unknown
Speaker_id_1,keagana eye u fe le ruka wunchikoko ye egwa o wunfe pa ke,data/raw\Speaker_id_1\nup_047.txt,data/raw\Speaker_id_1\nup_047.wav,Unknown,Unknown
Speaker_id_1,Kede ye ga jin bauta ya yandondo ma hakika mie sundan ya ye yan azaba Efo na yi tin tanci na,data/raw\Speaker_id_1\nup_048.txt,data/raw\Speaker_id_1\nup_048.wav,Unknown,Unknown
Speaker_id_1,Gangba mi ma wunajin ye anfani ndondoa ka miga kpa gan mia jin ye gangba naa ugafe gantun shidzo batsozhio Soko a kpa shibo gan wyun ga ye gbin na wyun ga yi Tsoci ye yeo ebau gama ala ye zheban lo,data/raw\Speaker_id_1\nup_049.txt,data/raw\Speaker_id_1\nup_049.wav,Unknown,Unknown
Speaker_id_1,Yima pauta paa sai de ebo lokaci na yi bibaci na,data/raw\Speaker_id_1\nup_050.txt,data/raw\Speaker_id_1\nup_050.wav,Unknown,Unknown
Speaker_id_1,Ugan Yin na-nnade lefi ndondo ke ta eti yeboa Sokoafa be ye yinWyunga mayi Etsu yeguno,data/raw\Speaker_id_1\nup_051.txt,data/raw\Speaker_id_1\nup_051.wav,Unknown,Unknown
Speaker_id_1,Yebo kpata ajin tabbata ya Sokona twamirya be Ismailae to Ishakae dan lokaci ekuku mibo na Hakika Tsoci mi Etsu nae wo aduwa na uyio,data/raw\Speaker_id_1\nup_052.txt,data/raw\Speaker_id_1\nup_052.wav,Unknown,Unknown
Speaker_id_1,Hakika ma Yi jin alitta zawangi dagan eguno dagan edo-zhiko naa zhegba cie mantswan na,data/raw\Speaker_id_1\nup_053.txt,data/raw\Speaker_id_1\nup_053.wav,Unknown,Unknown
Speaker_id_1,Sai de Iblisu! Wyuna navo na wyunajin sujada be zanazhie jin sujada nae,data/raw\Speaker_id_1\nup_054.txt,data/raw\Speaker_id_1\nup_054.wav,Unknown,Unknown
Speaker_id_1,Soko gan Tinya dagan miniubo Aljannao hakika eza cice yaci wyo yio,data/raw\Speaker_id_1\nup_055.txt,data/raw\Speaker_id_1\nup_055.wav,Unknown,Unknown
Speaker_id_1,Iblisu ci gan Tsoci mi! Dagan na wyoa mi gbinani na mi ga etu dedezhi laa panini fia kinbo hakika ma migagbin bae nio,data/raw\Speaker_id_1\nup_056.txt,data/raw\Speaker_id_1\nup_056.wav,Unknown,Unknown
Speaker_id_1,zanazhi ga yi edzan na gayi,data/raw\Speaker_id_1\nup_057.txt,data/raw\Speaker_id_1\nup_057.wav,Unknown,Unknown
Speaker_id_1,Hakika wuzhi Mizhi wyo de iko ndondo ta etiaboa sai de na ga mi tu wyoe mini wawazhio na,data/raw\Speaker_id_1\nup_058.txt,data/raw\Speaker_id_1\nup_058.wav,Unknown,Unknown
Speaker_id_1,Ya wuzhi Mizhi labari kede hakika Mi Etsu gafara Mi yio na Etsu yegun Mi yio na,data/raw\Speaker_id_1\nup_059.txt,data/raw\Speaker_id_1\nup_059.wav,Unknown,Unknown
Speaker_id_1,Agan hakika a tun yi tun-tun lo eba jamaa nazhi yi lefi jincizhi na,data/raw\Speaker_id_1\nup_060.txt,data/raw\Speaker_id_1\nup_060.wav,Unknown,Unknown
Speaker_id_1,Kamina Tuciuzhi lo eba iyali Annabi Lutu na,data/raw\Speaker_id_1\nup_061.txt,data/raw\Speaker_id_1\nup_061.wav,Unknown,Unknown
Speaker_id_1,Agan Aa yi be be ya wyoe be yan na jamaa yan wyo zhie jin kelo kezhin etiu bo na,data/raw\Speaker_id_1\nup_062.txt,data/raw\Speaker_id_1\nup_062.wav,Unknown,Unknown
Speaker_id_1,Kabara cia wan be hallakae lokaci asubaa yin,data/raw\Speaker_id_1\nup_063.txt,data/raw\Speaker_id_1\nup_063.wav,Unknown,Unknown
Speaker_id_1,Yan nazhi afe cewou na ma kunke yaa be yandondo yina,data/raw\Speaker_id_1\nup_064.txt,data/raw\Speaker_id_1\nup_064.wav,Unknown,Unknown
Speaker_id_1,To alama sinsantu ndocizhi to be tswangizhi ajin afe de bawu,data/raw\Speaker_id_1\nup_065.txt,data/raw\Speaker_id_1\nup_065.wav,Unknown,Unknown
Speaker_id_1,Agayi zanazhia hakuri jin nao amaafe zanazhie yakpe Tsocia dan alamari ndondo nao,data/raw\Speaker_id_1\nup_066.txt,data/raw\Speaker_id_1\nup_066.wav,Unknown,Unknown
Speaker_id_1,Gangan Zandondou feulo tun eti ekpaubo Tsoci ye ma wyun tsa kpe zana ta eti eko bawuo nagano,data/raw\Speaker_id_1\nup_067.txt,data/raw\Speaker_id_1\nup_067.wav,Unknown,Unknown
Speaker_id_1,mide ewo a amma mide ena,data/raw\Speaker_id_1\nup_068.txt,data/raw\Speaker_id_1\nup_068.wav,Unknown,Unknown
Speaker_id_1,Umau jin zanazhi gan gan Soko yibe egiina gangba,data/raw\Speaker_id_1\nup_069.txt,data/raw\Speaker_id_1\nup_069.wav,Unknown,Unknown
Speaker_id_1,Eza è de ekò dan egwa ò ede ù shishikan à.,data/raw\Speaker_id_1\nup_070.txt,data/raw\Speaker_id_1\nup_070.wav,Unknown,Unknown
Speaker_id_1,Kankuru na janfuru dan nuwon ò na be tsun yikán tsun.,data/raw\Speaker_id_1\nup_071.txt,data/raw\Speaker_id_1\nup_071.wav,Unknown,Unknown
Speaker_id_1,"Nyana saka lo égó na, wun be tsun nyana lé égó na tsun.",data/raw\Speaker_id_1\nup_072.txt,data/raw\Speaker_id_1\nup_072.wav,Unknown,Unknown
Speaker_id_1,Dagan yeshi ga bo è ca eci lazhin ò.,data/raw\Speaker_id_1\nup_073.txt,data/raw\Speaker_id_1\nup_073.wav,Unknown,Unknown
Speaker_id_1,"Dagbá ku èsà, asara yi nya esatso.",data/raw\Speaker_id_1\nup_074.txt,data/raw\Speaker_id_1\nup_074.wav,Unknown,Unknown
Speaker_id_1,"Wo gá la yikuru dzodzo, madán à gun ò.",data/raw\Speaker_id_1\nup_075.txt,data/raw\Speaker_id_1\nup_075.wav,Unknown,Unknown
Speaker_id_1,"Eyiwárá ga pin dan èdò, nin nyi ù yi tsa tsa è.",data/raw\Speaker_id_1\nup_076.txt,data/raw\Speaker_id_1\nup_076.wav,Unknown,Unknown
Speaker_id_1,ewo a shi ngbanfa wa,data/raw\Speaker_id_1\nup_077.txt,data/raw\Speaker_id_1\nup_077.wav,Unknown,Unknown
Speaker_id_1,woya be babon na efin twani i?,data/raw\Speaker_id_1\nup_078.txt,data/raw\Speaker_id_1\nup_078.wav,Unknown,Unknown
Speaker_id_1,igbechi da kata fiti nga un dao,data/raw\Speaker_id_1\nup_079.txt,data/raw\Speaker_id_1\nup_079.wav,Unknown,Unknown
Speaker_id_1,a de zana kpe na,data/raw\Speaker_id_1\nup_080.txt,data/raw\Speaker_id_1\nup_080.wav,Unknown,Unknown
Speaker_id_1,egwa na ba alsan bona wajin dede be yan zane jin tuhu man na,data/raw\Speaker_id_1\nup_081.txt,data/raw\Speaker_id_1\nup_081.wav,Unknown,Unknown
Speaker_id_1,miye wa kumiko leye,data/raw\Speaker_id_1\nup_082.txt,data/raw\Speaker_id_1\nup_082.wav,Unknown,Unknown
Speaker_id_1,wo gbugi gayyo,data/raw\Speaker_id_1\nup_083.txt,data/raw\Speaker_id_1\nup_083.wav,Unknown,Unknown
Speaker_id_1,unzo na eza kpin ezhimi ya nasara na,data/raw\Speaker_id_1\nup_084.txt,data/raw\Speaker_id_1\nup_084.wav,Unknown,Unknown
Speaker_id_1,kube lazhin zandondo,data/raw\Speaker_id_1\nup_085.txt,data/raw\Speaker_id_1\nup_085.wav,Unknown,Unknown
Speaker_id_1,kami ndondo na aga gunna esunwu,data/raw\Speaker_id_1\nup_086.txt,data/raw\Speaker_id_1\nup_086.wav,Unknown,Unknown
Speaker_id_1,ko aga ena jin afan ni be kata fiti,data/raw\Speaker_id_1\nup_087.txt,data/raw\Speaker_id_1\nup_087.wav,Unknown,Unknown
Speaker_id_1,mide tun emi na ga ena chyao,data/raw\Speaker_id_1\nup_088.txt,data/raw\Speaker_id_1\nup_088.wav,Unknown,Unknown
Speaker_id_1,kami yikere meda miami,data/raw\Speaker_id_1\nup_089.txt,data/raw\Speaker_id_1\nup_089.wav,Unknown,Unknown
Speaker_id_1,zane kpitun ndondo na wen kpe ndondo a,data/raw\Speaker_id_1\nup_090.txt,data/raw\Speaker_id_1\nup_090.wav,Unknown,Unknown
Speaker_id_1,a de ze be na,data/raw\Speaker_id_1\nup_091.txt,data/raw\Speaker_id_1\nup_091.wav,Unknown,Unknown
Speaker_id_1,we wo ke wo gbin nuwan naa?,data/raw\Speaker_id_1\nup_092.txt,data/raw\Speaker_id_1\nup_092.wav,Unknown,Unknown
Speaker_id_1,woga zhe nuwan tu wan gan gwa,data/raw\Speaker_id_1\nup_093.txt,data/raw\Speaker_id_1\nup_093.wav,Unknown,Unknown
Speaker_id_1,wode yi bochi,data/raw\Speaker_id_1\nup_094.txt,data/raw\Speaker_id_1\nup_094.wav,Unknown,Unknown
Speaker_id_1,kungoiya gu za guwo,data/raw\Speaker_id_1\nup_095.txt,data/raw\Speaker_id_1\nup_095.wav,Unknown,Unknown
Speaker_id_1,apple a yadan kin,data/raw\Speaker_id_1\nup_096.txt,data/raw\Speaker_id_1\nup_096.wav,Unknown,Unknown
Speaker_id_1,miye wo nagban,data/raw\Speaker_id_1\nup_097.txt,data/raw\Speaker_id_1\nup_097.wav,Unknown,Unknown
Speaker_id_1,miga yi we miya dzugunbo,data/raw\Speaker_id_1\nup_098.txt,data/raw\Speaker_id_1\nup_098.wav,Unknown,Unknown
Speaker_id_1,ayi woga yimi yon ki woya jion?,data/raw\Speaker_id_1\nup_099.txt,data/raw\Speaker_id_1\nup_099.wav,Unknown,Unknown
Speaker_id_1,danlokaci yentusgi u bo mary che nan ena na wa zhe man takada nan,data/raw\Speaker_id_1\nup_100.txt,data/raw\Speaker_id_1\nup_100.wav,Unknown,Unknown
Speaker_id_1,zandondon fe wanwozhi a fe yanyan,data/raw\Speaker_id_1\nup_101.txt,data/raw\Speaker_id_1\nup_101.wav,Unknown,Unknown
Speaker_id_1,woya ye lugwa,data/raw\Speaker_id_1\nup_102.txt,data/raw\Speaker_id_1\nup_102.wav,Unknown,Unknown
Speaker_id_1,minye la tun a ni,data/raw\Speaker_id_1\nup_103.txt,data/raw\Speaker_id_1\nup_103.wav,Unknown,Unknown
Speaker_id_1,ba za gu kin na ye yina,data/raw\Speaker_id_1\nup_104.txt,data/raw\Speaker_id_1\nup_104.wav,Unknown,Unknown
Speaker_id_1,wo ya wogan,data/raw\Speaker_id_1\nup_105.txt,data/raw\Speaker_id_1\nup_105.wav,Unknown,Unknown
Speaker_id_1,minye wa za na bomi na,data/raw\Speaker_id_1\nup_106.txt,data/raw\Speaker_id_1\nup_106.wav,Unknown,Unknown
Speaker_id_1,wa jin tabbata?,data/raw\Speaker_id_1\nup_107.txt,data/raw\Speaker_id_1\nup_107.wav,Unknown,Unknown
Speaker_id_1,mi jin bayani u wa,data/raw\Speaker_id_1\nup_108.txt,data/raw\Speaker_id_1\nup_108.wav,Unknown,Unknown
Speaker_id_1,wan tun eya gutsun ko guwo technology chyu gumi,data/raw\Speaker_id_1\nup_109.txt,data/raw\Speaker_id_1\nup_109.wav,Unknown,Unknown
Speaker_id_1,a tu rome fonni ya,data/raw\Speaker_id_1\nup_110.txt,data/raw\Speaker_id_1\nup_110.wav,Unknown,Unknown
Speaker_id_1,eti yan woye wa winwan,data/raw\Speaker_id_1\nup_111.txt,data/raw\Speaker_id_1\nup_111.wav,Unknown,Unknown
Speaker_id_1,wode etisan yina unjin achya?,data/raw\Speaker_id_1\nup_112.txt,data/raw\Speaker_id_1\nup_112.wav,Unknown,Unknown
Speaker_id_1,wan kuku ya yizhe inna,data/raw\Speaker_id_1\nup_113.txt,data/raw\Speaker_id_1\nup_113.wav,Unknown,Unknown
Speaker_id_1,miye leye gan unjin achiyan,data/raw\Speaker_id_1\nup_114.txt,data/raw\Speaker_id_1\nup_114.wav,Unknown,Unknown
Speaker_id_1,mi jin anfanni be phone wo yin wo?,data/raw\Speaker_id_1\nup_115.txt,data/raw\Speaker_id_1\nup_115.wav,Unknown,Unknown
Speaker_id_1,fochi a man woyo?,data/raw\Speaker_id_1\nup_116.txt,data/raw\Speaker_id_1\nup_116.wav,Unknown,Unknown
Speaker_id_1,miya la keke yawe efo manchi wobo?,data/raw\Speaker_id_1\nup_117.txt,data/raw\Speaker_id_1\nup_117.wav,Unknown,Unknown
Speaker_id_1,yi leye gan shawora yan we wan ye jin a,data/raw\Speaker_id_1\nup_118.txt,data/raw\Speaker_id_1\nup_118.wav,Unknown,Unknown
Speaker_id_1,zhiyi mallami woyo?,data/raw\Speaker_id_1\nup_119.txt,data/raw\Speaker_id_1\nup_119.wav,Unknown,Unknown
Speaker_id_1,ki woya jion ayi woga yi mi yannao,data/raw\Speaker_id_1\nup_120.txt,data/raw\Speaker_id_1\nup_120.wav,Unknown,Unknown
Speaker_id_1,woga ka takada nanao?,data/raw\Speaker_id_1\nup_121.txt,data/raw\Speaker_id_1\nup_121.wav,Unknown,Unknown
Speaker_id_1,wa jin rikpe azarfa be yenkpa e?,data/raw\Speaker_id_1\nup_122.txt,data/raw\Speaker_id_1\nup_122.wav,Unknown,Unknown
Speaker_id_1,ye le eyan ye kanyi kanyi koyi ga yi ewodecho ko talaka,data/raw\Speaker_id_1\nup_123.txt,data/raw\Speaker_id_1\nup_123.wav,Unknown,Unknown
Speaker_id_1,unde shakka a,data/raw\Speaker_id_1\nup_124.txt,data/raw\Speaker_id_1\nup_124.wav,Unknown,Unknown
Speaker_id_1,lawu be karatun wan lokachi mi gi,data/raw\Speaker_id_1\nup_125.txt,data/raw\Speaker_id_1\nup_125.wav,Unknown,Unknown
Speaker_id_1,efe a waya yan light ba eba dokun o,data/raw\Speaker_id_1\nup_126.txt,data/raw\Speaker_id_1\nup_126.wav,Unknown,Unknown
Speaker_id_1,ade eba bologizhi kyoto na wada chile,data/raw\Speaker_id_1\nup_127.txt,data/raw\Speaker_id_1\nup_127.wav,Unknown,Unknown
Speaker_id_1,wo kpayegan yikan wogan wo?,data/raw\Speaker_id_1\nup_128.txt,data/raw\Speaker_id_1\nup_128.wav,Unknown,Unknown
Speaker_id_1,kami na wa nan na tun,data/raw\Speaker_id_1\nup_129.txt,data/raw\Speaker_id_1\nup_129.wav,Unknown,Unknown
Speaker_id_1,unzo na eza kpin ezhimi ya nasara na,data/raw\Speaker_id_1\nup_130.txt,data/raw\Speaker_id_1\nup_130.wav,Unknown,Unknown
Speaker_id_1,ye manni ke ye nyi yangban na a,data/raw\Speaker_id_1\nup_131.txt,data/raw\Speaker_id_1\nup_131.wav,Unknown,Unknown
Speaker_id_1,kami kichi we kpekpeo,data/raw\Speaker_id_1\nup_132.txt,data/raw\Speaker_id_1\nup_132.wav,Unknown,Unknown
Speaker_id_1,nana kan yandodo a,data/raw\Speaker_id_1\nup_133.txt,data/raw\Speaker_id_1\nup_133.wav,Unknown,Unknown
Speaker_id_1,kila wochi shiwon,data/raw\Speaker_id_1\nup_134.txt,data/raw\Speaker_id_1\nup_134.wav,Unknown,Unknown
Speaker_id_1,babo wo lodan?,data/raw\Speaker_id_1\nup_135.txt,data/raw\Speaker_id_1\nup_135.wav,Unknown,Unknown
Speaker_id_1,ke emiwo jin nao?,data/raw\Speaker_id_1\nup_136.txt,data/raw\Speaker_id_1\nup_136.wav,Unknown,Unknown
Speaker_id_1,english gboka injin achya?,data/raw\Speaker_id_1\nup_137.txt,data/raw\Speaker_id_1\nup_137.wav,Unknown,Unknown
Speaker_id_1,we wo ke wo gbin nuwan naa?,data/raw\Speaker_id_1\nup_138.txt,data/raw\Speaker_id_1\nup_138.wav,Unknown,Unknown
Speaker_id_1,woga zhe nuwan tu wan gan gwa,data/raw\Speaker_id_1\nup_139.txt,data/raw\Speaker_id_1\nup_139.wav,Unknown,Unknown
Speaker_id_1,yi ga la be minni sati nna o,data/raw\Speaker_id_1\nup_140.txt,data/raw\Speaker_id_1\nup_140.wav,Unknown,Unknown
Speaker_id_1,wajin mi alfarma?,data/raw\Speaker_id_1\nup_141.txt,data/raw\Speaker_id_1\nup_141.wav,Unknown,Unknown
Speaker_id_1,gbako a tanmi,data/raw\Speaker_id_1\nup_142.txt,data/raw\Speaker_id_1\nup_142.wav,Unknown,Unknown
Speaker_id_1,kungoiya gu za guwo,data/raw\Speaker_id_1\nup_143.txt,data/raw\Speaker_id_1\nup_143.wav,Unknown,Unknown
Speaker_id_1,yi ya keba eba wangi nchion,data/raw\Speaker_id_1\nup_144.txt,data/raw\Speaker_id_1\nup_144.wav,Unknown,Unknown
Speaker_id_1,miye wogan we amma mi le woya,data/raw\Speaker_id_1\nup_146.txt,data/raw\Speaker_id_1\nup_146.wav,Unknown,Unknown
Speaker_id_1,A achinga,data/raw\Speaker_id_1\nup_148.txt,data/raw\Speaker_id_1\nup_148.wav,Unknown,Unknown
Speaker_id_1,Gamana wuii esa a robo a,data/raw\Speaker_id_1\nup_1480.txt,data/raw\Speaker_id_1\nup_1480.wav,Unknown,Unknown
Speaker_id_1,Egaga a chin a yi jinjin a,data/raw\Speaker_id_1\nup_1481.txt,data/raw\Speaker_id_1\nup_1481.wav,Unknown,Unknown
Speaker_id_1,Ugan Yin na-nnade lefi ndondo ke ta eti yeboa Sokoafa be ye yinWyunga mayi Etsu yeguno,data/raw\Speaker_id_1\nup_1482.txt,data/raw\Speaker_id_1\nup_1482.wav,Unknown,Unknown
Speaker_id_1,mikpe ena wo jin nufina yi shi lorna shi ganni mrs humpries fe zhegfan,data/raw\Speaker_id_1\nup_1483.txt,data/raw\Speaker_id_1\nup_1483.wav,Unknown,Unknown
Speaker_id_1,kubetin kubetin masoyi yentsugi oh wangi nyanmin mi ya sudan sarayin amma ke wo kpekpe ke min dan damuwa o na?,data/raw\Speaker_id_1\nup_1484.txt,data/raw\Speaker_id_1\nup_1484.wav,Unknown,Unknown
Speaker_id_1,minya guwa o lokpa bya wunfe gbin be tiuyin,data/raw\Speaker_id_1\nup_1485.txt,data/raw\Speaker_id_1\nup_1485.wav,Unknown,Unknown
Speaker_id_1,Sai de Iblisu! Wyuna navo na wyunajin sujada be zanazhie jin sujada nae,data/raw\Speaker_id_1\nup_1486.txt,data/raw\Speaker_id_1\nup_1486.wav,Unknown,Unknown
Speaker_id_1,woya wagan woyo lyiuye? wundan nin yan tagagi shago,data/raw\Speaker_id_1\nup_1487.txt,data/raw\Speaker_id_1\nup_1487.wav,Unknown,Unknown
Speaker_id_1,A jin nyina ge ebo sun o,data/raw\Speaker_id_1\nup_1488.txt,data/raw\Speaker_id_1\nup_1488.wav,Unknown,Unknown
Speaker_id_1,wunyi eya gbanyo kuma wunyi doka-sirri gun eya guba ni,data/raw\Speaker_id_1\nup_1489.txt,data/raw\Speaker_id_1\nup_1489.wav,Unknown,Unknown
Speaker_id_1,miga yi we miya dami gbani,data/raw\Speaker_id_1\nup_149.txt,data/raw\Speaker_id_1\nup_149.wav,Unknown,Unknown
Speaker_id_1,"Wo gá la yikuru dzodzo, madán à gun ò.",data/raw\Speaker_id_1\nup_1490.txt,data/raw\Speaker_id_1\nup_1490.wav,Unknown,Unknown
Speaker_id_1,"Dagbá ku èsà, asara yi nya esatso.",data/raw\Speaker_id_1\nup_1491.txt,data/raw\Speaker_id_1\nup_1491.wav,Unknown,Unknown
Speaker_id_1,Kamina Tuciuzhi lo eba iyali Annabi Lutu na,data/raw\Speaker_id_1\nup_1492.txt,data/raw\Speaker_id_1\nup_1492.wav,Unknown,Unknown
Speaker_id_1,wunfe kokin karayin ebo zandondo ga lyiu ye tagagi tetengi shikan man o,data/raw\Speaker_id_1\nup_1493.txt,data/raw\Speaker_id_1\nup_1493.wav,Unknown,Unknown
Speaker_id_1,hello ki minya jin ya woyo?Daisy fe gbin nyinzagibosoko be kuma fedun,data/raw\Speaker_id_1\nup_1494.txt,data/raw\Speaker_id_1\nup_1494.wav,Unknown,Unknown
Speaker_id_1,mrs humphries lorna ga dana o?,data/raw\Speaker_id_1\nup_1495.txt,data/raw\Speaker_id_1\nup_1495.wav,Unknown,Unknown
Speaker_id_1,"Nyana saka lo égó na, wun be tsun nyana lé égó na tsun.",data/raw\Speaker_id_1\nup_1496.txt,data/raw\Speaker_id_1\nup_1496.wav,Unknown,Unknown
Speaker_id_1,Fuini ga wun a nyanya nya fe a u de edza nya gwa u ?,data/raw\Speaker_id_1\nup_1497.txt,data/raw\Speaker_id_1\nup_1497.wav,Unknown,Unknown
Speaker_id_1,A woma guba gunji bo a,data/raw\Speaker_id_1\nup_1498.txt,data/raw\Speaker_id_1\nup_1498.wav,Unknown,Unknown
Speaker_id_1,Kede ye ga jin bauta ya yandondo ma hakika mie sundan ya ye yan azaba Efo na yi tin tanci na,data/raw\Speaker_id_1\nup_1499.txt,data/raw\Speaker_id_1\nup_1499.wav,Unknown,Unknown
Speaker_id_1,ayi woga yimi yon ki woya jion?,data/raw\Speaker_id_1\nup_150.txt,data/raw\Speaker_id_1\nup_150.wav,Unknown,Unknown
Speaker_id_1,Hakika ma Yi jin alitta zawangi dagan eguno dagan edo-zhiko naa zhegba cie mantswan na,data/raw\Speaker_id_1\nup_1500.txt,data/raw\Speaker_id_1\nup_1500.wav,Unknown,Unknown
Speaker_id_1,Ewo wu za ga tsukun,data/raw\Speaker_id_1\nup_1501.txt,data/raw\Speaker_id_1\nup_1501.wav,Unknown,Unknown
Speaker_id_1,Egaga a cin a yi jinjin a,data/raw\Speaker_id_1\nup_1502.txt,data/raw\Speaker_id_1\nup_1502.wav,Unknown,Unknown
Speaker_id_1,Yan nazhi afe cewou na ma kunke yaa be yandondo yina,data/raw\Speaker_id_1\nup_1503.txt,data/raw\Speaker_id_1\nup_1503.wav,Unknown,Unknown
Speaker_id_1,Chigbe na a le be koko nyi na kaga u zo gun a wun a zo mada,data/raw\Speaker_id_1\nup_1504.txt,data/raw\Speaker_id_1\nup_1504.wav,Unknown,Unknown
Speaker_id_1,Agan Aa yi be be ya wyoe be yan na jamaa yan wyo zhie jin kelo kezhin etiu bo na,data/raw\Speaker_id_1\nup_1505.txt,data/raw\Speaker_id_1\nup_1505.wav,Unknown,Unknown
Speaker_id_1,Eya yigbeci yigbeci u yi o,data/raw\Speaker_id_1\nup_1506.txt,data/raw\Speaker_id_1\nup_1506.wav,Unknown,Unknown
Speaker_id_1,Kankuru na janfuru dan nuwon ò na be tsun yikán tsun.,data/raw\Speaker_id_1\nup_1507.txt,data/raw\Speaker_id_1\nup_1507.wav,Unknown,Unknown
Speaker_id_1,Nanko edajin ya bata a,data/raw\Speaker_id_1\nup_1508.txt,data/raw\Speaker_id_1\nup_1508.wav,Unknown,Unknown
Speaker_id_1,egwa dindingiuzhi fekun be dasun e,data/raw\Speaker_id_1\nup_1509.txt,data/raw\Speaker_id_1\nup_1509.wav,Unknown,Unknown
Speaker_id_1,Bola la wun ze tsa,data/raw\Speaker_id_1\nup_1510.txt,data/raw\Speaker_id_1\nup_1510.wav,Unknown,Unknown
Speaker_id_1,achiga nyizagi gubaba fe tsoba eko misun ya shago,data/raw\Speaker_id_1\nup_1511.txt,data/raw\Speaker_id_1\nup_1511.wav,Unknown,Unknown
Speaker_id_1,Ekpa gbo a wo ga ebi nu a,data/raw\Speaker_id_1\nup_1512.txt,data/raw\Speaker_id_1\nup_1512.wav,Unknown,Unknown
Speaker_id_1,lazhi nini ke kami efin guwo beni na zandochi fe zhe kpako office yan,data/raw\Speaker_id_1\nup_1513.txt,data/raw\Speaker_id_1\nup_1513.wav,Unknown,Unknown
Speaker_id_1,wansheganke bagi wunchin fe ta egwa wu gwaro,data/raw\Speaker_id_1\nup_1514.txt,data/raw\Speaker_id_1\nup_1514.wav,Unknown,Unknown
Speaker_id_1,Kabara cia wan be hallakae lokaci asubaa yin,data/raw\Speaker_id_1\nup_1515.txt,data/raw\Speaker_id_1\nup_1515.wav,Unknown,Unknown
Speaker_id_1,Ajin a gbin do ga a chi fi u yi ?,data/raw\Speaker_id_1\nup_1516.txt,data/raw\Speaker_id_1\nup_1516.wav,Unknown,Unknown
Speaker_id_1,Daisy fe yakpe ebo wun le sunna yan takada kinzhi ye,data/raw\Speaker_id_1\nup_1517.txt,data/raw\Speaker_id_1\nup_1517.wav,Unknown,Unknown
Speaker_id_1,Umau jin zanazhi gan gan Soko yibe egiina gangba,data/raw\Speaker_id_1\nup_1518.txt,data/raw\Speaker_id_1\nup_1518.wav,Unknown,Unknown
Speaker_id_1,zandondo fe gikini chip ke secon degina sai Diasy fe che takada eyansagi lo eba esa bichi gutswayin lo gwapin yan garadachi,data/raw\Speaker_id_1\nup_1519.txt,data/raw\Speaker_id_1\nup_1519.wav,Unknown,Unknown
Speaker_id_1,Yebo kpata ajin tabbata ya Sokona twamirya be Ismailae to Ishakae dan lokaci ekuku mibo na Hakika Tsoci mi Etsu nae wo aduwa na uyio,data/raw\Speaker_id_1\nup_1520.txt,data/raw\Speaker_id_1\nup_1520.wav,Unknown,Unknown
Speaker_id_1,To alama sinsantu ndocizhi to be tswangizhi ajin afe de bawu,data/raw\Speaker_id_1\nup_1521.txt,data/raw\Speaker_id_1\nup_1521.wav,Unknown,Unknown
Speaker_id_1,Soko gan Tinya dagan miniubo Aljannao hakika eza cice yaci wyo yio,data/raw\Speaker_id_1\nup_1522.txt,data/raw\Speaker_id_1\nup_1522.wav,Unknown,Unknown
Speaker_id_1,Ya wuzhi Mizhi labari kede hakika Mi Etsu gafara Mi yio na Etsu yegun Mi yio na,data/raw\Speaker_id_1\nup_1523.txt,data/raw\Speaker_id_1\nup_1523.wav,Unknown,Unknown
Speaker_id_1,"Eyiwárá ga pin dan èdò, nin nyi ù yi tsa tsa è.",data/raw\Speaker_id_1\nup_1524.txt,data/raw\Speaker_id_1\nup_1524.wav,Unknown,Unknown
Speaker_id_1,Yima pauta paa sai de ebo lokaci na yi bibaci na,data/raw\Speaker_id_1\nup_1525.txt,data/raw\Speaker_id_1\nup_1525.wav,Unknown,Unknown
Speaker_id_1,Agayi zanazhia hakuri jin nao amaafe zanazhie yakpe Tsocia dan alamari ndondo nao,data/raw\Speaker_id_1\nup_1526.txt,data/raw\Speaker_id_1\nup_1526.wav,Unknown,Unknown
Speaker_id_1,A kpe te ke sami elu nuwon na a ci ku wo da si u,data/raw\Speaker_id_1\nup_1527.txt,data/raw\Speaker_id_1\nup_1527.wav,Unknown,Unknown
Speaker_id_1,Egan dede nyika fu nuwou bipa,data/raw\Speaker_id_1\nup_1528.txt,data/raw\Speaker_id_1\nup_1528.wav,Unknown,Unknown
Speaker_id_1,Agan hakika a tun yi tun-tun lo eba jamaa nazhi yi lefi jincizhi na,data/raw\Speaker_id_1\nup_1529.txt,data/raw\Speaker_id_1\nup_1529.wav,Unknown,Unknown
Speaker_id_1,musa gan min la ewo u nan kenan laya wun satin zoba nannan,data/raw\Speaker_id_1\nup_153.txt,data/raw\Speaker_id_1\nup_153.wav,Unknown,Unknown
Speaker_id_1,Dagan yeshi ga bo è ca eci lazhin ò.,data/raw\Speaker_id_1\nup_1530.txt,data/raw\Speaker_id_1\nup_1530.wav,Unknown,Unknown
Speaker_id_1,mi ga zagubaba ye wan ebo doka gbintu o,data/raw\Speaker_id_1\nup_1531.txt,data/raw\Speaker_id_1\nup_1531.wav,Unknown,Unknown
Speaker_id_1,Gangba mi ma wunajin ye anfani ndondoa ka miga kpa gan mia jin ye gangba naa ugafe gantun shidzo batsozhio Soko a kpa shibo gan wyun ga ye gbin na wyun ga yi Tsoci ye yeo ebau gama ala ye zheban lo,data/raw\Speaker_id_1\nup_1532.txt,data/raw\Speaker_id_1\nup_1532.wav,Unknown,Unknown
Speaker_id_1,A achinga kuma wola yesa keyabo yami wokpe,data/raw\Speaker_id_1\nup_1533.txt,data/raw\Speaker_id_1\nup_1533.wav,Unknown,Unknown
Speaker_id_1,keagana eye u fe le ruka wunchikoko ye egwa o wunfe pa ke,data/raw\Speaker_id_1\nup_1534.txt,data/raw\Speaker_id_1\nup_1534.wav,Unknown,Unknown
Speaker_id_1,wunfe wagan wan nu amma wunfe da yi yendochi gwa kuma egunkpa fe be,data/raw\Speaker_id_1\nup_1535.txt,data/raw\Speaker_id_1\nup_1535.wav,Unknown,Unknown
Speaker_id_1,Yaba ma gi dede a una u wu,data/raw\Speaker_id_1\nup_1536.txt,data/raw\Speaker_id_1\nup_1536.wav,Unknown,Unknown
Speaker_id_1,Evo ala dukun ematsa dukun ga ala evo matsa,data/raw\Speaker_id_1\nup_1537.txt,data/raw\Speaker_id_1\nup_1537.wav,Unknown,Unknown
Speaker_id_1,zandondo dan baga bwa amma wunwo bere wawagi nafe tinya dagan ni yan kata o na kuma wunfe gan afuwa zhidan baga bo,data/raw\Speaker_id_1\nup_1538.txt,data/raw\Speaker_id_1\nup_1538.wav,Unknown,Unknown
Speaker_id_1,be dasun e Daisy fe le eyan wanawana ye tinya namba o,data/raw\Speaker_id_1\nup_1539.txt,data/raw\Speaker_id_1\nup_1539.wav,Unknown,Unknown
Speaker_id_1,Eza è de ekò dan egwa ò ede ù shishikan à.,data/raw\Speaker_id_1\nup_1540.txt,data/raw\Speaker_id_1\nup_1540.wav,Unknown,Unknown
Speaker_id_1,Hakika wuzhi Mizhi wyo de iko ndondo ta etiaboa sai de na ga mi tu wyoe mini wawazhio na,data/raw\Speaker_id_1\nup_1541.txt,data/raw\Speaker_id_1\nup_1541.wav,Unknown,Unknown
Speaker_id_1,Daisy ya yigbechi ne yiyan shago na de wan etwa guba na gogan na,data/raw\Speaker_id_1\nup_1542.txt,data/raw\Speaker_id_1\nup_1542.wav,Unknown,Unknown
Speaker_id_1,Daisy fe leye ke ade kpati wunchiko dan mini tatachin yan shago kuma wunfe ga lokachi gboro,data/raw\Speaker_id_1\nup_1543.txt,data/raw\Speaker_id_1\nup_1543.wav,Unknown,Unknown
Speaker_id_1,gbani wunfe wo nyigagi wundochi fe kpogun kuma  bagi fe zhiugan be bere yan fushi,data/raw\Speaker_id_1\nup_1544.txt,data/raw\Speaker_id_1\nup_1544.wav,Unknown,Unknown
Speaker_id_1,Iblisu ci gan Tsoci mi! Dagan na wyoa mi gbinani na mi ga etu dedezhi laa panini fia kinbo hakika ma migagbin bae nio,data/raw\Speaker_id_1\nup_1545.txt,data/raw\Speaker_id_1\nup_1545.wav,Unknown,Unknown
Speaker_id_1,Daisy man fe ku film yan yendondo kuma to egan nan wunfe gan kpata na,data/raw\Speaker_id_1\nup_1546.txt,data/raw\Speaker_id_1\nup_1546.wav,Unknown,Unknown
Speaker_id_1,Gangan Zandondou feulo tun eti ekpaubo Tsoci ye ma wyun tsa kpe zana ta eti eko bawuo nagano,data/raw\Speaker_id_1\nup_1547.txt,data/raw\Speaker_id_1\nup_1547.wav,Unknown,Unknown
Speaker_id_1,"Egi-ena ke nyizagi na ù yi ò, na gá pani wangi ná wun à fe ba zandondo, na ma pàni wangi à na è sa fi zandondo à.",data/raw\Speaker_id_1\nup_1548.txt,data/raw\Speaker_id_1\nup_1548.wav,Unknown,Unknown
Speaker_id_1,Saide za na ga yi gan-wo miniabo na to ena sisaci ci ga emi tuu gancin,data/raw\Speaker_id_1\nup_1549.txt,data/raw\Speaker_id_1\nup_1549.wav,Unknown,Unknown
Speaker_id_1,mandan e gun mari,data/raw\Speaker_id_1\nup_155.txt,data/raw\Speaker_id_1\nup_155.wav,Unknown,Unknown
Speaker_id_1,To miga beujin ucia jin daidai Micia efe be fiu dagan rayi Mibo to yea nikin zhizhi ye jin sujadae yau,data/raw\Speaker_id_1\nup_1550.txt,data/raw\Speaker_id_1\nup_1550.wav,Unknown,Unknown
Speaker_id_1,yentsugi wunchin fe jin mamaki na wun le foto yan esa ye wunjin yan esa yanka na,data/raw\Speaker_id_1\nup_1551.txt,data/raw\Speaker_id_1\nup_1551.wav,Unknown,Unknown
Speaker_id_1,Yimaa hukunci jin yau gan u la mi-u-tu alamari wuncin zo ba zanazhi ma wunada zoba be asuba yin,data/raw\Speaker_id_1\nup_1552.txt,data/raw\Speaker_id_1\nup_1552.wav,Unknown,Unknown
Speaker_id_1,Zawangi wun rayi à.,data/raw\Speaker_id_1\nup_1553.txt,data/raw\Speaker_id_1\nup_1553.wav,Unknown,Unknown
Speaker_id_1,wan chin etunba o be bag takada sun egwao bo be wankashi kami efin ganfi ke gutota un mafe wa evo yan shayi,data/raw\Speaker_id_1\nup_1554.txt,data/raw\Speaker_id_1\nup_1554.wav,Unknown,Unknown
Speaker_id_1,Dzakangi ga egun na tsutsu nusa a da bo u ga ya,data/raw\Speaker_id_1\nup_1555.txt,data/raw\Speaker_id_1\nup_1555.wav,Unknown,Unknown
Speaker_id_1,Ya wyoe Tsoci yi! Hakika wyo kpe yannazhi yie swo kpatana to nazhi yi la wu filio na amade yandoci dan sanmao ko kinbo na swo Soko naa,data/raw\Speaker_id_1\nup_1556.txt,data/raw\Speaker_id_1\nup_1556.wav,Unknown,Unknown
Speaker_id_1,kuma mr ranjee fe gan kamindondo ke kami na wunga yendondo na bosoko wun be kuma wun gbin gan,data/raw\Speaker_id_1\nup_1557.txt,data/raw\Speaker_id_1\nup_1557.wav,Unknown,Unknown
Speaker_id_1,Daisy fe kpogu wangyani wangyani wunfe tsu fi kpakom ba,data/raw\Speaker_id_1\nup_1558.txt,data/raw\Speaker_id_1\nup_1558.wav,Unknown,Unknown
Speaker_id_1,Wyo mao la hankurio jin ebo na hakika Sokoe ta lada za guruzhi yakpe,data/raw\Speaker_id_1\nup_1559.txt,data/raw\Speaker_id_1\nup_1559.wav,Unknown,Unknown
Speaker_id_1,dzakangi wunyo,data/raw\Speaker_id_1\nup_156.txt,data/raw\Speaker_id_1\nup_156.wav,Unknown,Unknown
Speaker_id_1,Ugan yede jamaazhi yeyio na yi kpea yea na,data/raw\Speaker_id_1\nup_1560.txt,data/raw\Speaker_id_1\nup_1560.wav,Unknown,Unknown
Speaker_id_1,Daisy fe fe takada bayyani la eti th century eyansagizhio wunfe sanni tinya shago,data/raw\Speaker_id_1\nup_1561.txt,data/raw\Speaker_id_1\nup_1561.wav,Unknown,Unknown
Speaker_id_1,mi leye gan wanjin achiga wo be sauki yan Pam Daisy jin tunani,data/raw\Speaker_id_1\nup_1562.txt,data/raw\Speaker_id_1\nup_1562.wav,Unknown,Unknown
Speaker_id_1,Tsutsu la koro dzakangi a fe wun a,data/raw\Speaker_id_1\nup_1563.txt,data/raw\Speaker_id_1\nup_1563.wav,Unknown,Unknown
Speaker_id_1,Nyagbanlaci è de enyandondo à.,data/raw\Speaker_id_1\nup_1564.txt,data/raw\Speaker_id_1\nup_1564.wav,Unknown,Unknown
Speaker_id_1,Ya ye eyami yan katazhiko zhi! Ngba Tsoci kanma na ezaafe wun na ugade alheri gano kashi Soko Nini kete nayi Etsu zankpe na,data/raw\Speaker_id_1\nup_1565.txt,data/raw\Speaker_id_1\nup_1565.wav,Unknown,Unknown
Speaker_id_1,Wyo mao pa Fo na rayi ndondo atinya cia fe gbomi ya eti tacinu na ama ga egagba yan etun na rayi ndondo ga lo na laa yau amaa jina zwaluncia,data/raw\Speaker_id_1\nup_1566.txt,data/raw\Speaker_id_1\nup_1566.wav,Unknown,Unknown
Speaker_id_1,Eman wo yan izhe nana degi ga a wo wuno azaba nama tan na gaajin tabbata yaa,data/raw\Speaker_id_1\nup_1567.txt,data/raw\Speaker_id_1\nup_1567.wav,Unknown,Unknown
Speaker_id_1,Mima li ti tacin mi like aibi lugwaa hakika yangban wuna jin ufe jin za foro be etun dede saide zana Tsoci mi ga gunyeu na Hakika Tsoci mi Etsu gafara u yio Etsu yegunuyio,data/raw\Speaker_id_1\nup_1568.txt,data/raw\Speaker_id_1\nup_1568.wav,Unknown,Unknown
Speaker_id_1,Egbe wun aze gbe dagba a shigi o won go,data/raw\Speaker_id_1\nup_1569.txt,data/raw\Speaker_id_1\nup_1569.wav,Unknown,Unknown
Speaker_id_1,ena wajin na gayi wo ka,data/raw\Speaker_id_1\nup_157.txt,data/raw\Speaker_id_1\nup_157.wav,Unknown,Unknown
Speaker_id_1,Soko ga alittazhi la nakin Ebo ujin bayaniuyaa yan yannazhi aga cedozhi leba etiubo na ebo ma to kafirizhia kpeawo kede hakika ayaafe ganmana zuncizhi na,data/raw\Speaker_id_1\nup_1570.txt,data/raw\Speaker_id_1\nup_1570.wav,Unknown,Unknown
Speaker_id_1,Hakika Alkuranu nana wune wu alittazhi ba lo eko natso yi gboro gan na Umae ya mumini nazhie lo tun wangizhi na labari yangbanfa kede hakika ayi be lada na wancin nae,data/raw\Speaker_id_1\nup_1571.txt,data/raw\Speaker_id_1\nup_1571.wav,Unknown,Unknown
Speaker_id_1,Ezi na we a la wo lo na ewo ga wun siri wun o,data/raw\Speaker_id_1\nup_1572.txt,data/raw\Speaker_id_1\nup_1572.wav,Unknown,Unknown
Speaker_id_1,Ajin a mu chigbe a gintara bata ?,data/raw\Speaker_id_1\nup_1573.txt,data/raw\Speaker_id_1\nup_1573.wav,Unknown,Unknown
Speaker_id_1,mm mile yendondo yefa ye babwa awunfe jin tunani,data/raw\Speaker_id_1\nup_1574.txt,data/raw\Speaker_id_1\nup_1574.wav,Unknown,Unknown
Speaker_id_1,A ci gan Wallahi hakika yetso kpewo kede yibe-be ebo yibey nyin yanydan kinboa na yi majin igbecizhia,data/raw\Speaker_id_1\nup_1575.txt,data/raw\Speaker_id_1\nup_1575.wav,Unknown,Unknown
Speaker_id_1,Daisy fe la evo shayi ya nyizagi gbugbochi nana kuma wunfe ka bayyanizhi,data/raw\Speaker_id_1\nup_1576.txt,data/raw\Speaker_id_1\nup_1576.wav,Unknown,Unknown
Speaker_id_1,Kinkere tun takun?,data/raw\Speaker_id_1\nup_1577.txt,data/raw\Speaker_id_1\nup_1577.wav,Unknown,Unknown
Speaker_id_1,Amae gbin wyogan eti rayio Gangan Rayi alamari uyio mini alamari nazhi dan mulki Tsoci mi bona ama la yandondo yaye mini kpikpe boa sai de tukpyagi,data/raw\Speaker_id_1\nup_1578.txt,data/raw\Speaker_id_1\nup_1578.wav,Unknown,Unknown
Speaker_id_1,Acinga ga ma winwan yan Tsoci wyo yio kamina uga Alkarya ndoci wan kamina agajin kafirinci acie jin zwalunci na Hakika win wan yan Soko yanna tan na uyi sarauyino,data/raw\Speaker_id_1\nup_1579.txt,data/raw\Speaker_id_1\nup_1579.wav,Unknown,Unknown
Speaker_id_1,woye wa mi saranyi?,data/raw\Speaker_id_1\nup_158.txt,data/raw\Speaker_id_1\nup_158.wav,Unknown,Unknown
Speaker_id_1,Asiada u ka za nyi gi a,data/raw\Speaker_id_1\nup_1580.txt,data/raw\Speaker_id_1\nup_1580.wav,Unknown,Unknown
Speaker_id_1,Zandondo ù la emi ù tú égún mi nda ù.,data/raw\Speaker_id_1\nup_1581.txt,data/raw\Speaker_id_1\nup_1581.wav,Unknown,Unknown
Speaker_id_1,Wyo mao pa lokaci na Tsoci wyoe gan be malaikazhi gan Hakika miajin alitta zawangi dagan edo nayi mantswanna,data/raw\Speaker_id_1\nup_1582.txt,data/raw\Speaker_id_1\nup_1582.wav,Unknown,Unknown
Speaker_id_1,Ya wuzhi Mizhi labari kede hakika Mi Etsu gafara Mi yio na Etsu yegun Mi yio na,data/raw\Speaker_id_1\nup_1583.txt,data/raw\Speaker_id_1\nup_1583.wav,Unknown,Unknown
Speaker_id_1,Yize si bo si ama kami tsa yi titi o,data/raw\Speaker_id_1\nup_1584.txt,data/raw\Speaker_id_1\nup_1584.wav,Unknown,Unknown
Speaker_id_1,Gbinga wo u gbinka a ama zunma u tsa aso a,data/raw\Speaker_id_1\nup_1585.txt,data/raw\Speaker_id_1\nup_1585.wav,Unknown,Unknown
Speaker_id_1,Enya ndondo ti ke enya na a,data/raw\Speaker_id_1\nup_1586.txt,data/raw\Speaker_id_1\nup_1586.wav,Unknown,Unknown
Speaker_id_1,mi yan lo a,data/raw\Speaker_id_1\nup_159.txt,data/raw\Speaker_id_1\nup_159.wav,Unknown,Unknown
Speaker_id_1,mota tun efin guwon e,data/raw\Speaker_id_1\nup_161.txt,data/raw\Speaker_id_1\nup_161.wav,Unknown,Unknown
Speaker_id_1,tom gan mi eya guba,data/raw\Speaker_id_1\nup_162.txt,data/raw\Speaker_id_1\nup_162.wav,Unknown,Unknown
Speaker_id_1,Ekpa gbo a wo ga ebi nii a,data/raw\Speaker_id_1\nup_163.txt,data/raw\Speaker_id_1\nup_163.wav,Unknown,Unknown
Speaker_id_1,Ena u ga kun yi gi wnn akun tun ta,data/raw\Speaker_id_1\nup_164.txt,data/raw\Speaker_id_1\nup_164.wav,Unknown,Unknown
Speaker_id_1,A gun zhiko be wun nyi a,data/raw\Speaker_id_1\nup_165.txt,data/raw\Speaker_id_1\nup_165.wav,Unknown,Unknown
Speaker_id_1,Esigi na gomi gbe na wim ga a la giri da o,data/raw\Speaker_id_1\nup_166.txt,data/raw\Speaker_id_1\nup_166.wav,Unknown,Unknown
Speaker_id_1,Ele gwaziinma tsutsu u yi o,data/raw\Speaker_id_1\nup_167.txt,data/raw\Speaker_id_1\nup_167.wav,Unknown,Unknown
Speaker_id_2,egan navo eyan dede u yo kpataki ya egi nupenchi egan navo wenla eza lo saidai gwandako be zumanzhin aga gaogan gan wa lugwa,data/raw\Speaker_id_2\nup_168.txt,data/raw\Speaker_id_2\nup_168.wav,Unknown,Unknown
Speaker_id_2,yan ewo nan a bona kanga waya la she kinya azhe dazhin kiminyin a gan a liu ya eee be gbagun dya lwalwanin dao na re aga lo abo agan ewa Ndajiya za,data/raw\Speaker_id_2\nup_169.txt,data/raw\Speaker_id_2\nup_169.wav,Unknown,Unknown
Speaker_id_2,.a lwa abo a ba nan dangiazhi fi eko fiayin nan aba kpata wa Ndajiya za a le Ndajiya ya na soko gan gigi Ndajiya yi kere naaa bana a kanfi kata kpakuo nan,data/raw\Speaker_id_2\nup_170.txt,data/raw\Speaker_id_2\nup_170.wav,Unknown,Unknown
Speaker_id_2,soko a dan biyun nan za na yi nusa kpandzazhi kanga chiyi commisioner of police yan lagos kanga nan unyin nupenchi unman keyi  roni yan Bida be tsoci nagan rayi Ndajiya yi kere nan kachyan wan ke esun na a kua da wu nan re,data/raw\Speaker_id_2\nup_171.txt,data/raw\Speaker_id_2\nup_171.wav,Unknown,Unknown
Speaker_id_2,Bade na azhi kata kpakuo nan windowshin unchin ga oga fe da gogan wa wona ajin gan o kasa  kasa soko wa dya minmanchile o soko wo dya minmanchile bo annabyo o ki kan mi ye dan nan o,data/raw\Speaker_id_2\nup_172.txt,data/raw\Speaker_id_2\nup_172.wav,Unknown,Unknown
Speaker_id_2,Agan nanvo nanzhi a la wu dagan gigi ungwa nan untswaya zhikeba yin leye gun kata kpaku asa oga fe gogan nan tukpa u daban o bagao oga de tun office,data/raw\Speaker_id_2\nup_173.txt,data/raw\Speaker_id_2\nup_173.wav,Unknown,Unknown
Speaker_id_2,unche yi egitun nni ungan toh lo kata kpaku batsozhi egi nupenchi nan gagan soko a wun manchile gbani nan a wa wan be wuwa ga awu dzuzhion oga gan ki lawo be abo un zhegba figi,data/raw\Speaker_id_2\nup_174.txt,data/raw\Speaker_id_2\nup_174.wav,Unknown,Unknown
Speaker_id_2,Kila wo be abo unzhegba figi ungan aa unjin yegi min wa be wo yan ena ga danbo nan taya min wuntso fey a kara ga oh baba wun man ganya wun yayawunzhi ga fi eko bo ache chewo kparo,data/raw\Speaker_id_2\nup_175.txt,data/raw\Speaker_id_2\nup_175.wav,Unknown,Unknown
Speaker_id_2,Wunchi gan wun ye wa byo Baba wun man yendondo ta be wun yin wagan baba wun navo wun dan o na sai eko wun gun nbona wun bya gbanye wunchi gan wen be yaye ta dyenbo wunbe wun bya le mato yan policezhi yele afe ku wun keba be egi,data/raw\Speaker_id_2\nup_176.txt,data/raw\Speaker_id_2\nup_176.wav,Unknown,Unknown
Speaker_id_2,Egi fezhi i,data/raw\Speaker_id_2\nup_177.txt,data/raw\Speaker_id_2\nup_177.wav,Unknown,Unknown
Speaker_id_2,Ba na wun kpogun tug a wunjin igbechya wunjin egifya nan a dzu a vun nan achyuche gun mato ke ache bufu nan baga gabo wun man kpe zandoya,data/raw\Speaker_id_2\nup_178.txt,data/raw\Speaker_id_2\nup_178.wav,Unknown,Unknown
Speaker_id_2,u lugwa yendodo de ele etunlo dele kafu o tso man dele achiga ga ndajiya jin unchi bya tsuwon dagan na a man u na,data/raw\Speaker_id_2\nup_179.txt,data/raw\Speaker_id_2\nup_179.wav,Unknown,Unknown
Speaker_id_2,Afe agawo ya gbani wo kpe emi nan wochi na ungan wunkpe bao tso wun li dan na soko a yu sa’a rayi man yi kere nan wun nunsa ya police nnazhi gan soko machyon zanazhi wo gun kata kpako beyin nan esun a kua da wuya sayon,data/raw\Speaker_id_2\nup_180.txt,data/raw\Speaker_id_2\nup_180.wav,Unknown,Unknown
Speaker_id_2,amma nupe na wota nan unga fowo gbanyo zazhi kichi woyo? Wan ezhiu tunye aga woya gbani wo lo ezhiye wo ungan wuntso kpe be wunlidan na oga dya jinn a unche ku ewo yan kpandzazhi yu au aufan ewo ke dan sandazhi na,data/raw\Speaker_id_2\nup_181.txt,data/raw\Speaker_id_2\nup_181.wav,Unknown,Unknown
Speaker_id_2,Ache laugun mato dan sandazhyo unche la ewo ya egitunzhi che toh aga tun zango nan woga lagos ya be eko Ibadan nan awa mato Bida yu,data/raw\Speaker_id_2\nup_182.txt,data/raw\Speaker_id_2\nup_182.wav,Unknown,Unknown
Speaker_id_2,Ache shi ewo to tsanka ache la fun ache go ewo police zhizhi ache la ewo degi man dan dzufan o achi be ga liuye mbo re harbe yina e woga gun wochi gan fochi ya lo lagos o a teyete koro dozhyo nba kuyi egan nanvo a kya go,data/raw\Speaker_id_2\nup_183.txt,data/raw\Speaker_id_2\nup_183.wav,Unknown,Unknown
Speaker_id_2,Unchi byo,data/raw\Speaker_id_2\nup_184.txt,data/raw\Speaker_id_2\nup_184.wav,Unknown,Unknown
Speaker_id_2,Soko u tswayi be egan nanvo e egan nanvo wungya zumango u kpata asara sakpa wen man ya eza bo gao nupechizhi tukpe eko o egi gbanizhi achiga man ban ndondo na woga dana ga so ezhi misun woman,data/raw\Speaker_id_2\nup_185.txt,data/raw\Speaker_id_2\nup_185.wav,Unknown,Unknown
Speaker_id_2,ga so 'shimisun wo man soko so woya wogan we so zhimisun wokpe fonan  ezhimisun a be bowe nan aningaga Ahmadu ndochijin,data/raw\Speaker_id_2\nup_186.txt,data/raw\Speaker_id_2\nup_186.wav,Unknown,Unknown
Speaker_id_2,Soko chi gan’ugwa ebo zhimisun bo re dagan foga ga mikpe chiwan zhimisun yeo yemanchi u Baba u kamin nan a gunkun yan gbozhi wato ekun yan Biafra nan,data/raw\Speaker_id_2\nup_187.txt,data/raw\Speaker_id_2\nup_187.wav,Unknown,Unknown
Speaker_id_2,nga Baba u lo soja o wun lo soja nan wunda yawo egbo jin unjin yawo egbo nan unso ezhi misun wan unso ezhimisun wan nan wun ke nanki nan wan etan o kpata kaba takada,data/raw\Speaker_id_2\nup_188.txt,data/raw\Speaker_id_2\nup_188.wav,Unknown,Unknown
Speaker_id_2,Takada o Wan ya emi,data/raw\Speaker_id_2\nup_189.txt,data/raw\Speaker_id_2\nup_189.wav,Unknown,Unknown
Speaker_id_2,Egan navo danan ka-kayi nana jin nana a nana jin nana a hari unbya gban wakun sagun unbekun sagun na yegiuzhi kpata ada yeko,data/raw\Speaker_id_2\nup_190.txt,data/raw\Speaker_id_2\nup_190.wav,Unknown,Unknown
Speaker_id_2,Kafi ekun be zo nan ajeli bya jin ajeli jin nan zamizhi o tso kpe gan unde imi dan kin bagao unde to egizhya un un,data/raw\Speaker_id_2\nup_191.txt,data/raw\Speaker_id_2\nup_191.wav,Unknown,Unknown
Speaker_id_2,Ato sadaka jin a ‘fo shiba jin Nnan nan man wunfe yibabao bewu mi ba ‘zhiye be la mi lo ezhiye daganan  ya de egi be dozhi nan un yegan wan lu zhin ezhi yiya.,data/raw\Speaker_id_2\nup_192.txt,data/raw\Speaker_id_2\nup_192.wav,Unknown,Unknown
Speaker_id_2,Soko de ma’unchile nan ajeli be jin nan unde imi kirki nan iminna un che la egizhi dan makanta o unche swakpa fe swakpa a makanta chyaba jin a yan tachin jin a makanta legenge jin a,data/raw\Speaker_id_2\nup_193.txt,data/raw\Speaker_id_2\nup_193.wav,Unknown,Unknown
Speaker_id_2,A kpeye fi kin Onitsha o,data/raw\Speaker_id_2\nup_194.txt,data/raw\Speaker_id_2\nup_194.wav,Unknown,Unknown
Speaker_id_2,Afi nitsa o nan anazhi atso danan dzuru aman ka ‘tsa a wa kpyaye tsogan egi nupenchya amma ade wo degi nan nda che ta bya yin kamin nan a dan dzakanbo nan,data/raw\Speaker_id_2\nup_195.txt,data/raw\Speaker_id_2\nup_195.wav,Unknown,Unknown
Speaker_id_2,Soko de go ka wun nusa nanna Ahmed nna uchi ga kongila de be egbozhi i yan ewo nan dokun nan ewo bya chin ganchi nan egbozhya eti gun etiubo gan eza nzagizhya da la wan wu,data/raw\Speaker_id_2\nup_196.txt,data/raw\Speaker_id_2\nup_196.wav,Unknown,Unknown
Speaker_id_2,ihn a da lawa wu  abe emin un na afe wu kpako wa yendodo ta bya yin gan wan yi ewo a go o ewo danan agan awa ewo won a,data/raw\Speaker_id_2\nup_197.txt,data/raw\Speaker_id_2\nup_197.wav,Unknown,Unknown
Speaker_id_2,Ah mato gi danan ni agan awa mato wan a rayi u gatsa aye wa o ebo nan zanazhi tu a ‘tun nan a gbata a wo ya aya nin ihn,data/raw\Speaker_id_2\nup_198.txt,data/raw\Speaker_id_2\nup_198.wav,Unknown,Unknown
Speaker_id_2,Afe jin eyan byu yin fe nan wan kpako kpe nan a gadan naman a egan kpata zhezhizhi a tayu gan wun ga abe yin wuzhio wunfe tagwa,data/raw\Speaker_id_2\nup_199.txt,data/raw\Speaker_id_2\nup_199.wav,Unknown,Unknown
Speaker_id_2,Unda to kura awa a bidinga yu kpata o tsachizhia gada la toh unbe leye gan azhin zuman nan imi man lele u dan kata o eginazhi wuntso kade gachin kin nitsa o nan,data/raw\Speaker_id_2\nup_200.txt,data/raw\Speaker_id_2\nup_200.wav,Unknown,Unknown
Speaker_id_2,Bana ache jin kparo kanga na wunde wona danzhio na wunche jin baba u kpamu gan wan lo eko eba yaya wunzhi nda jiya baba u ya gan u ga lo man re wo la lo eko ria le,data/raw\Speaker_id_2\nup_201.txt,data/raw\Speaker_id_2\nup_201.wav,Unknown,Unknown
Speaker_id_2,Amma lelezhi palor wunche gan mangan toh dagan nan wan yendodo wa bewo yin ye man gan yeya fa nan kaye ga wu min ega wu min be eyegizhi man,data/raw\Speaker_id_2\nup_202.txt,data/raw\Speaker_id_2\nup_202.wav,Unknown,Unknown
Speaker_id_2,elugwa min la egizhin san da kata nin bagao man wunfe kun ‘gizhi gwa egizhi kpe ‘eya e nan dzakanbo gi ‘gun nan afe jin liye afe jin liye unfe fan ‘min gan e nankin lo kata nin,data/raw\Speaker_id_2\nup_203.txt,data/raw\Speaker_id_2\nup_203.wav,Unknown,Unknown
Speaker_id_2,Ih nusa yan wuza wuzagizhi asa nunpenchi wunyo wunga shi a egbo nanzhi a ga wuza nan eti o ki wogan gbani o wungan wun san san ga a lo kata nin,data/raw\Speaker_id_2\nup_204.txt,data/raw\Speaker_id_2\nup_204.wav,Unknown,Unknown
Speaker_id_2,Nupe woyo o ungan Nupe wunyo Nupe woyo wungan Nupe wunyo Nupe woyo wunga gaskiya Nupe wunyo za kin kichi o ungan kin yan lavun,data/raw\Speaker_id_2\nup_205.txt,data/raw\Speaker_id_2\nup_205.wav,Unknown,Unknown
Speaker_id_2,Zazhi kichi o wan ‘zhi u tun ye minya tun ‘zhi wunchiya iko soko na soko gan gigi u yi kere nan ebo nupe nan na u ta nan,data/raw\Speaker_id_2\nup_206.txt,data/raw\Speaker_id_2\nup_206.wav,Unknown,Unknown
Speaker_id_2,Nda nusa ya wuza wuzagizhi gan toh en nan fowo gbani nan ezhi minsun nan wo ta gbani na unga fo woyo amman ena me wa be woyo yin nan a onitsa ya kafi efi gunin yan asuba nan amma ga wunya gan,data/raw\Speaker_id_2\nup_207.txt,data/raw\Speaker_id_2\nup_207.wav,Unknown,Unknown
Speaker_id_2,Aya wo wu amma wo da la cheya nin,data/raw\Speaker_id_2\nup_208.txt,data/raw\Speaker_id_2\nup_208.wav,Unknown,Unknown
Speaker_id_2,Achiga mun jion undya tinya nanman emi letso gun wunche la ‘giyeko emizhi yu ade ku kaya nanzhi afan nan to egizhi to imi ache ku woyizhi fi mato,data/raw\Speaker_id_2\nup_209.txt,data/raw\Speaker_id_2\nup_209.wav,Unknown,Unknown
Speaker_id_2,Ache zhin headi quarter yan Niger minna abon nan ena ludan miche  la labari ina bena da unga sungo sungan nnawun egbo u yo unman laye dan nupe nan nda fe ta byu yin na tonan de agan efozo yan soko,data/raw\Speaker_id_2\nup_210.txt,data/raw\Speaker_id_2\nup_210.wav,Unknown,Unknown
Speaker_id_2,soko u yo nan da ya danbo bya yi nan nan ndabo e sa yizhi gi ye nan min ye ya ye labari u nan eyan wunchi jin faruwa gbani nan wan gan eya ‘shi a,data/raw\Speaker_id_2\nup_211.txt,data/raw\Speaker_id_2\nup_211.wav,Unknown,Unknown
Speaker_id_2,Kai inji ezazhi ga fibo a wagan nda u navo wan tinya tso na unti baba u kpamu a nda jiya fe fudan mato trailer wunde gadan titi bon a fe lagos,data/raw\Speaker_id_2\nup_212.txt,data/raw\Speaker_id_2\nup_212.wav,Unknown,Unknown
Speaker_id_2,Ayi ke ka wan yi nan soko gan gigi u yi kere nan be ezhimisun nan wun ta nan akpe ba nan wundan be nan? bogao bandondo na wo ga da nan ka woga da ya dapa gaya zhimisun wo man gaya zhimisun wo man,data/raw\Speaker_id_2\nup_213.txt,data/raw\Speaker_id_2\nup_213.wav,Unknown,Unknown
Speaker_id_2,Gaya zhimisun wo man ezhi misun zandondo wunga yi etsa gwada won re we ge son zhimusun o,data/raw\Speaker_id_2\nup_214.txt,data/raw\Speaker_id_2\nup_214.wav,Unknown,Unknown
Speaker_id_2,Un bi sarayin un men la anfani bya ebo gao yi eginazhi fi bariki o nan toto nnayizhi ega ta ezhimi ndochi be egiyezhi man ka aga ga wo ezhimi ndochi e lugwa ada wo dembo,data/raw\Speaker_id_2\nup_215.txt,data/raw\Speaker_id_2\nup_215.wav,Unknown,Unknown
Speaker_id_2,Amma ya yen emi ta bedzo ngba ta ngba nan ngba o tso de w ani nmakpe en nu gan n ani aba aa eti zhimisun ga minya baza be o,data/raw\Speaker_id_2\nup_216.txt,data/raw\Speaker_id_2\nup_216.wav,Unknown,Unknown
Speaker_id_2,Yegi min gaya zhi misun wo man gaya zhimisun wo man we de san zhimisun zazhi ama san yanwoya ehn,data/raw\Speaker_id_2\nup_217.txt,data/raw\Speaker_id_2\nup_217.wav,Unknown,Unknown
Speaker_id_2,Nupe unjin zhimi tetengi a re bandondo na nupe ga da nan soko e so nupe zhya ebona dagan efona a nu dukun nan achiga e dan dukun tsa o re ke adua jin babo zandondo kpe gan nupe e ba adua wan yi sunnan jin babo zandondo kpegan nupe,data/raw\Speaker_id_2\nup_218.txt,data/raw\Speaker_id_2\nup_218.wav,Unknown,Unknown
Speaker_id_2,Kpegan nupe ba adua ajeli babo zandondo kpegan nupe ba adua ehhn shaniba yo ko yawo nupezhe e dzodzo a re unga man ludan to nupe zo imi yao,data/raw\Speaker_id_2\nup_219.txt,data/raw\Speaker_id_2\nup_219.wav,Unknown,Unknown
Speaker_id_2,Eya nan mi fe jin katu gyashio nan mi lo mato danzhi eya min man yi min faminous yan jos minye gan dan o nan re ebona nupechizhi gay u a gan gyashio,data/raw\Speaker_id_2\nup_220.txt,data/raw\Speaker_id_2\nup_220.wav,Unknown,Unknown
Speaker_id_2,nna nusa ndochi mi kpe u ye lya  wuntso man kpe mi ye lya mida tsuntsun gun mato bwani eya min che jin min kpamun gan toh soko a chin ye lafiya  kangotso wayazhi man ladan bwa,data/raw\Speaker_id_2\nup_221.txt,data/raw\Speaker_id_2\nup_221.wav,Unknown,Unknown
Speaker_id_2,Mi che gan u gangan min jinyebo tsochi kiba be alheri i as anna wunchya ezhimisun yi wo unche be la tukpa tu min gan yaya nna kachyan nupe woyo?,data/raw\Speaker_id_2\nup_222.txt,data/raw\Speaker_id_2\nup_222.wav,Unknown,Unknown
Speaker_id_2,Bana unchi na yayiuzhi byiu lada emi unche dando be yayiuzhi unfe dando bya yin ena yena dana nini gigun na yayiuzhi gada dzuko wanzhechi nbo,data/raw\Speaker_id_2\nup_223.txt,data/raw\Speaker_id_2\nup_223.wav,Unknown,Unknown
Speaker_id_2,Dagan nan yi man katsa nan nupe minyo ni Nna  ena nupe kpe be kure nan micho nan gboyin chi kinbo min ya kura loyu yife gafin mato za’zhi kichi min yo minya ‘zhin min ta yu,data/raw\Speaker_id_2\nup_224.txt,data/raw\Speaker_id_2\nup_224.wav,Unknown,Unknown
Speaker_id_2,Wuntso a ‘zhi wun taya min imi denan yi fi mato e benan taya yegboro fe saya mato man dan ‘ezan o egburu gbugbu gbu gbugbu gbu wo wo oo,data/raw\Speaker_id_2\nup_225.txt,data/raw\Speaker_id_2\nup_225.wav,Unknown,Unknown
Speaker_id_2,zana nyiba nan a nyin za boba nan a boba nna u wunchin ga soko wa rayu miniyibo asa banan mato fe vunza nan wan ‘ti ya zheba un man jin nusa,data/raw\Speaker_id_2\nup_226.txt,data/raw\Speaker_id_2\nup_226.wav,Unknown,Unknown
Speaker_id_2,NO TRANSCRIPTION FOUND,data/raw\Speaker_id_2\nup_227.txt,data/raw\Speaker_id_2\nup_227.wav,Unknown,Unknown
Speaker_id_2,Nupenchi wunyo minya eza ya batso zhyo wuntso man ganmi gagan wan lo Bida gboro a wunga chin kafanchan o ebona egi wun nini e lotun dan emi radio kafanchan o,data/raw\Speaker_id_2\nup_228.txt,data/raw\Speaker_id_2\nup_228.wav,Unknown,Unknown
Speaker_id_2,Toh minya wunchi dya payan o toh bana wunbe da chin ‘kun ganchin nan awa zana wun nan a dya nan min ga aa ekun nan man gajin wala min che yin da sandazhi toh dena yikan min dya mun foga nan,data/raw\Speaker_id_2\nup_229.txt,data/raw\Speaker_id_2\nup_229.wav,Unknown,Unknown
Speaker_id_2,Min gba yan min kagan a min wo etan tso kanga a miche yi da sandazhi ye le nna na chi dedanan ye nupenchi wunyo Bidachi man wunyo wunman gan wun de ‘egi dan emi radio yan kafanchan o,data/raw\Speaker_id_2\nup_230.txt,data/raw\Speaker_id_2\nup_230.wav,Unknown,Unknown
Speaker_id_2,Daman wun kpakpa gan wun lu chin baga o edaga o da sandazhi afe wa fuska u foto foto wunchin be ekun yin nga a la lo asibiti achi foto lo emi radio achi da le egi u ye o ngba a kagan wunta nupe ta,data/raw\Speaker_id_2\nup_231.txt,data/raw\Speaker_id_2\nup_231.wav,Unknown,Unknown
Speaker_id_2,A akpe banan a wun ‘kun nan,data/raw\Speaker_id_2\nup_232.txt,data/raw\Speaker_id_2\nup_232.wav,Unknown,Unknown
Speaker_id_2,Toh nan wan jin ajeli nan unga ekun ga jin wala ebo ga o minya chiwon yan ezhi misun kpeye zandondo u tswa ‘zhimisun u zandondo u tswa ‘zhimisun u zandondo u tswa ‘zhimisun u kawo tswa zhimusin wa ezhimisun wa bya wo go tswa,data/raw\Speaker_id_2\nup_233.txt,data/raw\Speaker_id_2\nup_233.wav,Unknown,Unknown
Speaker_id_2,A gada dzuko wanfe chin nbo fo gana eye u chi bya gban unde tinya na ungan waga yaye shi ekpa min sun asa bana nda jiya e yaye shi na egi fedzhi dzhibo,data/raw\Speaker_id_2\nup_234.txt,data/raw\Speaker_id_2\nup_234.wav,Unknown,Unknown
Speaker_id_2,Kawa yin London bo o dan o aga nupe ta a eye zhe jin wawo alheri wan yiya woyo,data/raw\Speaker_id_2\nup_235.txt,data/raw\Speaker_id_2\nup_235.wav,Unknown,Unknown
Speaker_id_2,Zandondo tswa ‘zhi ga yaye man ezhimisun wunjin yan tetengi a akpe nupe ye be chiwun e akpe nupe ye be kure e bandondo nan nuoe ga da nan,data/raw\Speaker_id_2\nup_236.txt,data/raw\Speaker_id_2\nup_236.wav,Unknown,Unknown
Speaker_id_2,wunde gada Kura gbwoyin Kabo wunla gangan a wotso a woman agan a beke nupe yi nna o Nan nupechi soko soyi ya re yiga so miniyi man wobe ga Dan bariki o waye so miniwe efo u Yan be,data/raw\Speaker_id_2\nup_237.txt,data/raw\Speaker_id_2\nup_237.wav,Unknown,Unknown
Speaker_id_2,Efu yan be efu yan be wunman ga be be wunjin wo eza tille woya danbo a ezhiminsun wo nna ga bo woyo wodan fo o wodan emi haya o woye ta ‘zhiminsun ndochi be egizhi wolugwa a kpin ezhiminsun woya,data/raw\Speaker_id_2\nup_238.txt,data/raw\Speaker_id_2\nup_238.wav,Unknown,Unknown
Speaker_id_2,Ya,data/raw\Speaker_id_2\nup_239.txt,data/raw\Speaker_id_2\nup_239.wav,Unknown,Unknown
Speaker_id_2,Ki egi nnazhi a be fe yegboro yan o eyan za eka wen join re wan bya logwa woga dzodzo woche woge dzodzo be ezhimunsun yin fo ndochi alheri u wan bya te wo egban,data/raw\Speaker_id_2\nup_240.txt,data/raw\Speaker_id_2\nup_240.wav,Unknown,Unknown
Speaker_id_2,Egi wundochi ga lo interview zhi o woye gan nupenchi woyo ata nupe be u yin gan kewona ungi kini u gi ke yi woyo ungi kini u gif o wunchin etun a gbaugwa wuntso che tigi gan baba wun zhia wun jin ‘gun aga,data/raw\Speaker_id_2\nup_241.txt,data/raw\Speaker_id_2\nup_241.wav,Unknown,Unknown
Speaker_id_2,Aga ta nupe ta be wunyin da yina nanan wan la etun la yegwa yeko,data/raw\Speaker_id_2\nup_242.txt,data/raw\Speaker_id_2\nup_242.wav,Unknown,Unknown
Speaker_id_2,Amma ta nupe be u ya nan kewona ga a gbin won wungya keyi woyo wungya babo wo fe be o wungya takada nan man u ka nan wenwugwa gan egi nupenchi wunyo ebona wan ezhi u lachi bo wan state u lachi bo wan local govement u la,data/raw\Speaker_id_2\nup_243.txt,data/raw\Speaker_id_2\nup_243.wav,Unknown,Unknown
Speaker_id_2,chibo kpata wun ma ya fi Niger o amman wungi danan kae lavo be o yan Nupe o unwa a achya ka ka wuntso etswa a yiyi jin karayin zandondo u gay a zhimisun man re,data/raw\Speaker_id_2\nup_244.txt,data/raw\Speaker_id_2\nup_244.wav,Unknown,Unknown
Speaker_id_2,un man kpya kpandzazhi de bena a fiunfi keba be egifen nnazhi ache da kanfi a kanfi nan yegizhi be zhin emi lozwuen na awa bana a le Ndajiya ye nan,data/raw\Speaker_id_2\nup_245.txt,data/raw\Speaker_id_2\nup_245.wav,Unknown,Unknown
Speaker_id_2,ezhimisun Wunjin eyan tetengi sokol u tsa yi tun zaman yan annabi adam yan o zana soko a fe nupe nan wunfe ‘za soko a fe kenchi nan wunfe ‘za e soko a fe gbari nan wunfe a toh kila zana kenazhi chi ya yeba aya wo ba nupe,data/raw\Speaker_id_2\nup_246.txt,data/raw\Speaker_id_2\nup_246.wav,Unknown,Unknown
Speaker_id_2,chya yan wo ya o,data/raw\Speaker_id_2\nup_247.txt,data/raw\Speaker_id_2\nup_247.wav,Unknown,Unknown
Speaker_id_2,kae estu nupe bagandozhi wen payi tukpa egan wunchin sarayin kae tufuwa e woga jin o jin yan nupe ewo woga fan o fun yan nupe egan woga wagan o gun yan nupe ladabi o jin yan nupe ladabi wen go yan Kaman ya za,data/raw\Speaker_id_2\nup_248.txt,data/raw\Speaker_id_2\nup_248.wav,Unknown,Unknown
Speaker_id_2,unga man a kpe nupe ye beyan o ebogao zandondo u gawa dadan u man dadan yanwe unga yi yeri kpe woyo dadan yanwe unga yi etsa yan woyo bag a bo amman kpe woya gan ezhimisun wodan nan mikpe gan kae alkiyami bo nupe a deba ha,data/raw\Speaker_id_2\nup_249.txt,data/raw\Speaker_id_2\nup_249.wav,Unknown,Unknown
Speaker_id_2,Nupechi de zunye wuman de chiwon wun me la chiwon ya ‘eza yegboro woga chiwon laya eza yegboro yanwotso dan u nan bandondo nan man woga lo nan wajin wala a ela ti ta fiti bo a re,data/raw\Speaker_id_2\nup_250.txt,data/raw\Speaker_id_2\nup_250.wav,Unknown,Unknown
Speaker_id_2,Nupeche nya fin zando a re kafin wo be o kun nupe nupechi u be u layu zheban nan wan da iyaka min kpe nupe ye serayin be chiwon e be zunye e bandodon na yi ga lo nan yi jin zunye yi man jin chiwon ya ‘za yib=gbro zhin ebo wotso,data/raw\Speaker_id_2\nup_251.txt,data/raw\Speaker_id_2\nup_251.wav,Unknown,Unknown
Speaker_id_2,Lo zhe ‘za yegboro,data/raw\Speaker_id_2\nup_252.txt,data/raw\Speaker_id_2\nup_252.wav,Unknown,Unknown
Speaker_id_2,a le Ndajiya ya aba kpata wa Ndajiya za lagos o a le Ndajiya ya ada police station zhi ka kan yin agan a le u ya alo  asibitizhi ka kan yin agan a leu ya a da bana ezhe waya,data/raw\Speaker_id_2\nup_253.txt,data/raw\Speaker_id_2\nup_253.wav,Unknown,Unknown
Speaker_id_2,egan navo eyan dede u yo kpataki ya egi nupenchi egan navo wenla eza lo saidai gwandako be zumanzhin aga gaogan gan wa lugwa,data/raw\Speaker_id_2\nup_254.txt,data/raw\Speaker_id_2\nup_254.wav,Unknown,Unknown
Speaker_id_2,"Toh, to sunde kaga efe fa fini a fa, bici yawo ngae chile ache baoza o, nna yenstugi ndoci be dabo, kami na mi kpeuye na ugan tanbiri ya.",data/raw\Speaker_id_2\nup_255.txt,data/raw\Speaker_id_2\nup_255.wav,Unknown,Unknown
Speaker_id_2,"Go rutu nna a la dan engici bo a ya o, go rutu nna arr de a ce jin stoci ci be a ankali u kan zhi, ankali u be zhi na u sto fe gan gan wa waa.",data/raw\Speaker_id_2\nup_256.txt,data/raw\Speaker_id_2\nup_256.wav,Unknown,Unknown
Speaker_id_2,"Zan na be a, baba o fe dan u rufa ce la ya baba mi, ke mi na me lo kura ya nna mizhi na a cin ga mi ce lo ya wa o, u sto fe dan bo u fe mangi zhi fe mangi zhi fe mangi zhi iko soko ajeli baba yi be a jin.",data/raw\Speaker_id_2\nup_257.txt,data/raw\Speaker_id_2\nup_257.wav,Unknown,Unknown
Speaker_id_2,"Ajeli baba yi jin na wa ke u be egi zhi, u su yangba ma wa egi zhi ku da u da ezhi a, egi zhi o sto fe fi bo a fe fi bo egi zhi o sto be a sa enstugi .",data/raw\Speaker_id_2\nup_258.txt,data/raw\Speaker_id_2\nup_258.wav,Unknown,Unknown
Speaker_id_2,"Egi zhi sa enstugi ganci na u ci be tu kami na a sto e gan gan ba na, za na ba egi zhi na da na za na ma nna gan a be a wa na dana a yan don do ta.",data/raw\Speaker_id_2\nup_259.txt,data/raw\Speaker_id_2\nup_259.wav,Unknown,Unknown
Speaker_id_2,"Egi zhi gan inaa u ji yada ga nna, egi zhi ga inaa za nna ga sta ae wa o, u tun aa ni be gi zhi, egi zhi fe la wun sto lo cotu, a ga lo cotu nna yi na a lo cotu nna esun a lo cotu nna yi na.",data/raw\Speaker_id_2\nup_260.txt,data/raw\Speaker_id_2\nup_260.wav,Unknown,Unknown
Speaker_id_2,"Qarshi u de egi zhi a nna yi mistu, a da tun emistu na, estu a gan gba bia yin a gan za de na a ye wa yan na dana nna a ma gan u jin yada yan za nana.",data/raw\Speaker_id_2\nup_261.txt,data/raw\Speaker_id_2\nup_261.wav,Unknown,Unknown
Speaker_id_2,"Zan na ga ama e wa ya a ya o, a da yi nna be na nna de ta turmi ba na u ta yao na gan u jin yada a de a be a wa za na un ye wa na, qarshi u dai nya na estuzhi gi gun na.",data/raw\Speaker_id_2\nup_262.txt,data/raw\Speaker_id_2\nup_262.wav,Unknown,Unknown
Speaker_id_2,Estu gan toh wun ma be jin na un ya jin asara egi nnazhi na ce la egi nna zhi ya za na zhi ba yangba na wea la gin na zhi ya za na zhi ba yangba na nna su n yangba .,data/raw\Speaker_id_2\nup_263.txt,data/raw\Speaker_id_2\nup_263.wav,Unknown,Unknown
Speaker_id_2,"Egi nana zhi u fe bu kuti kpia, u fe bu kuti kpia aah kuti a lo ban doa e gan e na wosto jin be yemanci zhi na u ga egi zhi tuba fin dana o u ga la mi ci gagan.",data/raw\Speaker_id_2\nup_264.txt,data/raw\Speaker_id_2\nup_264.wav,Unknown,Unknown
Speaker_id_2,"Bici yawo u ga ae cile a ce bao za o yao, u jin ezan na a da be bici na kawai yin a, ye na wo fa jin be za yegboro e na yapke za zuma ga o jin ga be wo yin.",data/raw\Speaker_id_2\nup_265.txt,data/raw\Speaker_id_2\nup_265.wav,Unknown,Unknown
Speaker_id_2,"U be nuguci miyin yaya me che lula shidzo lo dzuko, enala o dan michigan bici yawo uga e chile che baoza na, u fe sa u fe dabo fe dabo fe dabo ar u bia zhe yenstugi.",data/raw\Speaker_id_2\nup_266.txt,data/raw\Speaker_id_2\nup_266.wav,Unknown,Unknown
Speaker_id_2,A beke kagan wun sto la yemanci u zhi la lo cotu a u cha mi tu gami yan baba u zhi da na wun sto be magi zhi na egizhi ga mi tu gami I amma na in sto a baba u zhi zhu eye na e le ke mi na soko jin.,data/raw\Speaker_id_2\nup_267.txt,data/raw\Speaker_id_2\nup_267.wav,Unknown,Unknown
Speaker_id_2,No na yea.,data/raw\Speaker_id_2\nup_268.txt,data/raw\Speaker_id_2\nup_268.wav,Unknown,Unknown
Speaker_id_2,"Kuti yan emanci kabo un ga bu kuti ma bo jin yan wea un ga e la mi tu za o, egi nnazhi kpata a kpe kami na nna a sto yi baba zhi cotu na amman egi nnazhi be a wun sto yu cotu zhi ar.",data/raw\Speaker_id_2\nup_269.txt,data/raw\Speaker_id_2\nup_269.wav,Unknown,Unknown
Speaker_id_2,"Emi stu Bo a be la gin na zhi lo yawo o, yi na na wa to gi wun cin zhi la gi.",data/raw\Speaker_id_2\nup_270.txt,data/raw\Speaker_id_2\nup_270.wav,Unknown,Unknown
Speaker_id_2,"Ba na yi kau zhi tu na soko la ya wa a , mia gan mi gan a nna ga zhe wun bia yin ma aya un yi o daga ba soko wo ga yamanci gi gbata egi zuma zhi a be u wo ya we.",data/raw\Speaker_id_2\nup_271.txt,data/raw\Speaker_id_2\nup_271.wav,Unknown,Unknown
Speaker_id_2,"U ga la ba stozhi o mici gan bici yawo u ga e cile ce bao zan yao, yimi bici yawo ga e cile a ce bao zan yao nna tasa aa soko u ya gi bagi zhi.",data/raw\Speaker_id_2\nup_272.txt,data/raw\Speaker_id_2\nup_272.wav,Unknown,Unknown
Speaker_id_2,"Un ma o ya to egi nnzagi zhi amma be ena un sto jin ya zaman ya kanga be yemanci u zhi na se na egi nzagi nini be a jin ga u na, kanga kin nupe o.",data/raw\Speaker_id_2\nup_273.txt,data/raw\Speaker_id_2\nup_273.wav,Unknown,Unknown
Speaker_id_2,"Wa de imi li be gwa o ya a ba imi ba yawe e ebo na yenstugi zhi dokun payin dozhi yan gbani a, eda na a ga wo gan a magi nzagi na emanci zhi a ce dada ce shi a ye nbaga o.",data/raw\Speaker_id_2\nup_274.txt,data/raw\Speaker_id_2\nup_274.wav,Unknown,Unknown
Speaker_id_2,Na tu babo na wosto a kpe wo gagan ehn yeshi de na zanna e shi yi nbabo da da’a nana a de ena we wa na.,data/raw\Speaker_id_2\nup_275.txt,data/raw\Speaker_id_2\nup_275.wav,Unknown,Unknown
Speaker_id_2,"Za na ga yi ndace na, u ga lo gbe zhi wa wan na da ya nbaga o, za na ga yi chigban we e ba o na wa ce la daya nna na u ga yena na, a ge zuba o wa da ba ba zu re, lati bo wa da ba egbe jin re wo sto kpe.",data/raw\Speaker_id_2\nup_276.txt,data/raw\Speaker_id_2\nup_276.wav,Unknown,Unknown
Speaker_id_2,"Soko ma go ka, babao u de imi na uwa adini yan mishan bo lo musulmi na, toh kan dondon na nzagi uchin ga lo ezhi a na u yenstugi nna che lo biuyi .",data/raw\Speaker_id_2\nup_277.txt,data/raw\Speaker_id_2\nup_277.wav,Unknown,Unknown
Speaker_id_2,Gan wun wa gi nzagi emi a bo.,data/raw\Speaker_id_2\nup_278.txt,data/raw\Speaker_id_2\nup_278.wav,Unknown,Unknown
Speaker_id_2,"Iko soko nna tasaa egi nzagi baba o yun tu ba asa za na ba nna tasaa na yi kayin, a yen dondo ta egi gan wa lami tu egan nda wun ya.",data/raw\Speaker_id_2\nup_279.txt,data/raw\Speaker_id_2\nup_279.wav,Unknown,Unknown
Speaker_id_2,"Ahah egi da tiya cotu o nna tasaa ya egi so da cotu, a ga lo cotu egan jia alikali ke da fo a ga lo cotu egan jia likali ke da fo na ma nda gi amana ya imi a na.",data/raw\Speaker_id_2\nup_280.txt,data/raw\Speaker_id_2\nup_280.wav,Unknown,Unknown
Speaker_id_2,Hmmm,data/raw\Speaker_id_2\nup_281.txt,data/raw\Speaker_id_2\nup_281.wav,Unknown,Unknown
Speaker_id_2,"Soko be a bici yawo ke eko, fo de na soko a la nna tasaa wu na, u ga shi cotu o wa ce bu to kuti kpe gi re, egi nana mi, mi ga wo gan wa sun zuyea o bishe yiwo me tia wo ci gan wa la mi dan ndawozhi yee o.",data/raw\Speaker_id_2\nup_282.txt,data/raw\Speaker_id_2\nup_282.wav,Unknown,Unknown
Speaker_id_2,Wa ceka u kpeu pin aga dazhin mi u gan dzuga’a bo.,data/raw\Speaker_id_2\nup_283.txt,data/raw\Speaker_id_2\nup_283.wav,Unknown,Unknown
Speaker_id_2,Me jin ucin jin ebo a be gangan me gan yendoa ma ar Egi a gboka ta eti ucin o be nda u yin amma na nda gi aki imi nna u ce jiu dodom biara u ce baza zhi biu yin to siso ci ebo ena u wa na u la ode fife na.,data/raw\Speaker_id_2\nup_284.txt,data/raw\Speaker_id_2\nup_284.wav,Unknown,Unknown
Speaker_id_2,soko a la nna wunchi wuna unfe lo kotun yan ‘fo ganan wun eba un riga e gogan be nusa tsachizhi yan ni nna tasa wan badan zuman be egi nnzagi nanan mini bagizhi o chya sago,data/raw\Speaker_id_2\nup_285.txt,data/raw\Speaker_id_2\nup_285.wav,Unknown,Unknown
Speaker_id_2,gan wen jin shikpata,data/raw\Speaker_id_2\nup_286.txt,data/raw\Speaker_id_2\nup_286.wav,Unknown,Unknown
Speaker_id_2,bana wen jin shikpata shi nan nna tasa fe be nuwan man tsoba baga na wunga,data/raw\Speaker_id_2\nup_287.txt,data/raw\Speaker_id_2\nup_287.wav,Unknown,Unknown
Speaker_id_2,"Wa yin shani a de o gani a lo, en dondon ga da zhi uchin o na wa te bao , bo na ngan eye kozan ba gan ganre, iko soko na de o lo zhi uchin na.",data/raw\Speaker_id_2\nup_288.txt,data/raw\Speaker_id_2\nup_288.wav,Unknown,Unknown
Speaker_id_2,ta bana mi tana re ta bana mi tana re ka min gabe tun kotu ka min ge wu we kae min ge bu to kuti kpewe wan wo wa,data/raw\Speaker_id_2\nup_289.txt,data/raw\Speaker_id_2\nup_289.wav,Unknown,Unknown
Speaker_id_2,asa wun bagi ne jin shikpata dan da nan a yandondo wo ad eke tun ba likali likali gan toh ye zhiani agan een keman wunyi to gbani na o egi gan wunde wun ya,data/raw\Speaker_id_2\nup_290.txt,data/raw\Speaker_id_2\nup_290.wav,Unknown,Unknown
Speaker_id_2,woye gan nda woya ungan wunya bag abo ndagi a nan badan zuman o nan che san a zan che san a zan akpe gan wundan zuman bo a unche la egwa kuriya,data/raw\Speaker_id_2\nup_291.txt,data/raw\Speaker_id_2\nup_291.wav,Unknown,Unknown
Speaker_id_2,mide eza likali gan ehen ki danbo ungan kuliya soko jin wo wala soko man jin yi wala egan ‘gi nanan yiye kube fodondo na,data/raw\Speaker_id_2\nup_292.txt,data/raw\Speaker_id_2\nup_292.wav,Unknown,Unknown
Speaker_id_2,Nna u yan tu zuman iyin zhiye tu zuman o  nna nan a dza gara nya gan ka nya baga gabo wun nan dango che jin shikpata ungan toh kuliya aniga anigi jin o yi tun nuwan misun kazan nan aniga ungan be egi yon,data/raw\Speaker_id_2\nup_293.txt,data/raw\Speaker_id_2\nup_293.wav,Unknown,Unknown
Speaker_id_2,aniga u gan be egi yon nna nan che bunyin fi egi,data/raw\Speaker_id_2\nup_294.txt,data/raw\Speaker_id_2\nup_294.wav,Unknown,Unknown
Speaker_id_2,soko a wun man chile ngba kagan wuncho jijin zhidzo be eza yegborozhi yan wan gangan egi u ki u nan nda wunvo o yen ba gi yane ban nda nan as nna de kakpe,data/raw\Speaker_id_2\nup_295.txt,data/raw\Speaker_id_2\nup_295.wav,Unknown,Unknown
Speaker_id_2,as Nna de kakpe abeke wuntso jijin zhidzo be yemanchizhi yan nan da wan yagi nan na shawura gan wunla nda wun sunzuye har afe lo kotun a unga man la michi gan bichi yawo unga e chinle ache pa u zan yon,data/raw\Speaker_id_2\nup_297.txt,data/raw\Speaker_id_2\nup_297.wav,Unknown,Unknown
Speaker_id_2,nnayizhi,data/raw\Speaker_id_2\nup_298.txt,data/raw\Speaker_id_2\nup_298.wav,Unknown,Unknown
Speaker_id_2,"Egi gbarufu mishan ndoci ce kuko gan u ga wuya wa o, a en dondon ta gan u de le za guba ya se egi bagi nana nda o ma yi liman ya zhi ree.",data/raw\Speaker_id_2\nup_299.txt,data/raw\Speaker_id_2\nup_299.wav,Unknown,Unknown
Speaker_id_2,ya hankali twa lafiya lafiya o tso mun tswa hankali eba zandondo ungayi aljanna wun o soko kpe ena nda leye na e unchi gan wan luya za wunchizhi nan wunwan lugwa egi nanachinbo be nda u yin,data/raw\Speaker_id_2\nup_300.txt,data/raw\Speaker_id_2\nup_300.wav,Unknown,Unknown
Speaker_id_2,be nda u yin na unga wunga zhe shekafa sashi,data/raw\Speaker_id_2\nup_301.txt,data/raw\Speaker_id_2\nup_301.wav,Unknown,Unknown
Speaker_id_2,wotswa jin e nda yanwoyin egi nana a jin be nda u yin na u ga ye man nan ga jin be nda u yin ungazhe egun mi tachin naede nu a umae de ekpe ba nan soko ga lugwa yide egun dozhin wunchin dan egun yibo man aga gan o gagan a lugwa,data/raw\Speaker_id_2\nup_302.txt,data/raw\Speaker_id_2\nup_302.wav,Unknown,Unknown
Speaker_id_2,alugwa wa lugwa egan navo kpata wenla eza lo yegboro a,data/raw\Speaker_id_2\nup_303.txt,data/raw\Speaker_id_2\nup_303.wav,Unknown,Unknown
Speaker_id_2,ungaman ludan yi gangan bichi yawo gae chile ache gbauzan yon woga jin wangi wale wangi ye ogajin dede dede ga mito o yila hankali tswa lafiya ganni be egiyizhi eba wuntswa hakki ya imi,data/raw\Speaker_id_2\nup_304.txt,data/raw\Speaker_id_2\nup_304.wav,Unknown,Unknown
Speaker_id_2,imi wuntswa hakki yan eba e kanga gaman soko a yaye egi wangizhi man o na kaye ga gan gangan alugwa aga lugwa nan ajin aga jin nao re,data/raw\Speaker_id_2\nup_305.txt,data/raw\Speaker_id_2\nup_305.wav,Unknown,Unknown
Speaker_id_2,nupenchizhi efo de dan nan nayi ga hankali tswa lafiya nan ebaza ba che tasa ahaan achiga be kemin nan min gan yaye gan bichi yawo ungae chile ache gbauza o nan achiga miyi tau rae,data/raw\Speaker_id_2\nup_306.txt,data/raw\Speaker_id_2\nup_306.wav,Unknown,Unknown
Speaker_id_2,maman soko a maman jin yentsugi nan ge unman sa nan amma gan navo unlugwa maman de sa lokpan a maman bya eba la tinya baba u a yendondo ta byu yin maman be felo makanta,data/raw\Speaker_id_2\nup_307.txt,data/raw\Speaker_id_2\nup_307.wav,Unknown,Unknown
Speaker_id_2,ungan ka wunyi eba nan de we wa nan fe kpangbara o kuyi woriwo a afe kpangbara o a yendondo ta ungan yinaa soko dya man maman chile nan unchya gile navo nan,data/raw\Speaker_id_2\nup_308.txt,data/raw\Speaker_id_2\nup_308.wav,Unknown,Unknown
Speaker_id_2,Baba u bya ya dan yunbo baba u gan wunjin wutsa kan bichi be ‘gi wunyin yegboro hukumanzhibo a enugawa nan ajin yan wan yu aman fe lu ya egina wungan wen wa nan,data/raw\Speaker_id_2\nup_309.txt,data/raw\Speaker_id_2\nup_309.wav,Unknown,Unknown
Speaker_id_2,"Eeh agan yi egan ye, engbau ya tu ya ena u gan wa jin na, u la nda o lo cotu zhi ka ka ka ka yin egan jia.",data/raw\Speaker_id_2\nup_310.txt,data/raw\Speaker_id_2\nup_310.wav,Unknown,Unknown
Speaker_id_2,heen soko jin etsu zwalunchi a soko man e wagan navo a bichiyawo e chile che che gbauzan o nan mi gan nan efo chibe dabeyin tsochi dya yun nan wan ku ‘gi yanan wunza egi nzagi,data/raw\Speaker_id_2\nup_311.txt,data/raw\Speaker_id_2\nup_311.wav,Unknown,Unknown
Speaker_id_2,wunde man ‘gi nzagi nanan afo sunnan da ezhi banana wan maman nan shani a she baga zazhi zazhi wuntsozhi de lo a ezhi banan ala u yawo nan shani a shebo,data/raw\Speaker_id_2\nup_312.txt,data/raw\Speaker_id_2\nup_312.wav,Unknown,Unknown
Speaker_id_2,zandodo yibe shani dan gwalubo za gunkin fi gbe fi langibo tsyagagan alo shani dozhi zandondo man de yan won yimin gwa nungunchi yan maman zhi o zaguba gade shanizhi lo,data/raw\Speaker_id_2\nup_313.txt,data/raw\Speaker_id_2\nup_313.wav,Unknown,Unknown
Speaker_id_2,atun aduwazhi nan a adua jin a engichi man gi a gi engichi zona nan wuen yaya yan azaguba nan lo ganchinan yaye che gagan toh yabe da nna yan manyiwo sami a,data/raw\Speaker_id_2\nup_314.txt,data/raw\Speaker_id_2\nup_314.wav,Unknown,Unknown
Speaker_id_2,kata nnagi manyiwo ga ada tsun ada tsun maman ba kpako shin o tse gbogiya heen wuntso tigi eye a jin gurgudu kijion soko a wun man chile,data/raw\Speaker_id_2\nup_315.txt,data/raw\Speaker_id_2\nup_315.wav,Unknown,Unknown
Speaker_id_2,soko a min man chile nan ejin sunna ade zandondo nabe dagan nbo na ezhiyitso abon nan o zandondo yibe shani ade zana be yan wun na,data/raw\Speaker_id_2\nup_316.txt,data/raw\Speaker_id_2\nup_316.wav,Unknown,Unknown
Speaker_id_2,wunle zandoya wunde zandoa unga bawun gio bagao yayi u gan atoh gan ago wungayi chigbe mangan o bichi yawo unga e chinle che bauzan o,data/raw\Speaker_id_2\nup_317.txt,data/raw\Speaker_id_2\nup_317.wav,Unknown,Unknown
Speaker_id_2,Babayi gan yawe gan woga la gangan yawo tsoman wobyo da makanta wo wunyewoya  wa baba wo gba wunman chidan kporo wobo woman shinan e tigi a nin,data/raw\Speaker_id_2\nup_318.txt,data/raw\Speaker_id_2\nup_318.wav,Unknown,Unknown
Speaker_id_2,iko soko yayi u nanazhi ache zhinmin achibe jin zandochizhi shiri kafi o tso achizhi nchio nan lozwan shi sunna a zo a nin a azhibo man bi u yin yele u yin achi zheban zhinyin,data/raw\Speaker_id_2\nup_319.txt,data/raw\Speaker_id_2\nup_319.wav,Unknown,Unknown
Speaker_id_2,egi nzagi wunchin nan u man nan egi nzagina tso kia sa yentsugi agban  afe danbo afe danbo karshe u sena egi nzagi wunchin kya nda wuntso yi ‘mi ‘etsuna,data/raw\Speaker_id_2\nup_320.txt,data/raw\Speaker_id_2\nup_320.wav,Unknown,Unknown
Speaker_id_2,"Eeh baga o man ndoci ma da zhi u chin, soko la u la lo baga eti yan ibada o man uchin che gangan ba liman egan gi na fa.",data/raw\Speaker_id_2\nup_321.txt,data/raw\Speaker_id_2\nup_321.wav,Unknown,Unknown
Speaker_id_2,ache yu kasha afe wu nga zanakpe lobinan unga e dan u fini o nan abe gatun emitsu nan etsuzhiman ewa ena be la fitina lo kin na agan man gan aa,data/raw\Speaker_id_2\nup_322.txt,data/raw\Speaker_id_2\nup_322.wav,Unknown,Unknown
Speaker_id_2,zade nan egi ga wa nan ungu layu yina nanan ula ya zawunchi zanchi ki u ya biani wunke da ba zaworo wunki a dzun biani wunke da ba zaworo wunki a dzun biani wundan be eba o tso gbania,data/raw\Speaker_id_2\nup_323.txt,data/raw\Speaker_id_2\nup_323.wav,Unknown,Unknown
Speaker_id_2,abeke gan nna wuntso wunla mi latu egan yan emanchizhi nan eba bana mi gagan bichi yawo ge chinle che bauzan o nan da egi wuntso wan jin anigaga bi u ya toh banayi dansun ganchinan ganchi nan eginna jin aninga be,data/raw\Speaker_id_2\nup_324.txt,data/raw\Speaker_id_2\nup_324.wav,Unknown,Unknown
Speaker_id_2,nna e nan,data/raw\Speaker_id_2\nup_325.txt,data/raw\Speaker_id_2\nup_325.wav,Unknown,Unknown
Speaker_id_2,na wuntso gabe yeman nan ke wan jin jina o bichi yawo e chile ache bauzan nanzhi mi gan nan yetso de leye kakayin dan o nan bogabo yi nupenchizhi yila bichi ku yeko o,data/raw\Speaker_id_2\nup_326.txt,data/raw\Speaker_id_2\nup_326.wav,Unknown,Unknown
Speaker_id_2,yila bichi ku yeko yila egiyizhi ke yeko ebo egiyizhi ala fe za kirki nan aga ganya ago nan kawosto goa ezazhi a be go yan wotso a,data/raw\Speaker_id_2\nup_327.txt,data/raw\Speaker_id_2\nup_327.wav,Unknown,Unknown
Speaker_id_2,ebo ezo wuro a zoa re ele men du bichi gan nua re eya gbata ewo nan eya gbata gan re efo dan abi o tsun gbata gan unga aninga wotso jin be nda o yon,data/raw\Speaker_id_2\nup_328.txt,data/raw\Speaker_id_2\nup_328.wav,Unknown,Unknown
Speaker_id_2,egi o tso a gangan nga aninga wotso jin be nna o yon o yagi o tso agan unga aninga wotso jin be nnako yon wanchibo fe lo zaguba e fa be wozhi nan etan wen fa ebona agu wa bi a ba,data/raw\Speaker_id_2\nup_329.txt,data/raw\Speaker_id_2\nup_329.wav,Unknown,Unknown
Speaker_id_2,bogabo yi emmanchizhi yila hankali tun zo nungun be egiyizhi kae eza ka eza ka za mi a wen kan u bichi a yi egizhi man yitwsue la hankali tun zo nungun be yemanchizhi aga gangan alugwa,data/raw\Speaker_id_2\nup_330.txt,data/raw\Speaker_id_2\nup_330.wav,Unknown,Unknown
Speaker_id_2,wa lugwa yendondo u de yele,data/raw\Speaker_id_2\nup_331.txt,data/raw\Speaker_id_2\nup_331.wav,Unknown,Unknown
Speaker_id_2,"U ji na wo ga eye la aniga ce lo cotu zhi za be u yin na, egan adua u yi o be taimako soko e, a be ke wo gae wagan u la mi u tu ena nya na we wa na adua ya da stun bi u yi o.",data/raw\Speaker_id_2\nup_332.txt,data/raw\Speaker_id_2\nup_332.wav,Unknown,Unknown
Speaker_id_2,alugwa wa lugwa ajin wa jin wa leye wa shishi o lafiya to enazhi wotso gabe man Nan aga fe za kirki nashitukpa wogan wey Nan,data/raw\Speaker_id_2\nup_333.txt,data/raw\Speaker_id_2\nup_333.wav,Unknown,Unknown
Speaker_id_2,amma wogan za yegboro yiza unga wotso ga fe zannan woga fe zannan  keminan migan lya ni gan bichi yawo e chile che bauzan na,data/raw\Speaker_id_2\nup_334.txt,data/raw\Speaker_id_2\nup_334.wav,Unknown,Unknown
Speaker_id_2,yemanchi ga gagan yekowo chi danan wada nan amitu ele giu danbo fondochi woga eba la beyin yemmanchi gada tu chile eba manzhi o wungan nanche wodan nbagabo a agan nanche ne la dukun ta kpeuyan na,data/raw\Speaker_id_2\nup_335.txt,data/raw\Speaker_id_2\nup_335.wav,Unknown,Unknown
Speaker_id_2,fe,data/raw\Speaker_id_2\nup_336.txt,data/raw\Speaker_id_2\nup_336.wav,Unknown,Unknown
Speaker_id_2,yegboro e chinle yawoyi o woga go wanjion anfani ka o be gwa wunde a de anfani ade yena e yana amman soko a yi le bolobolo ye ebo enazhi yiga be man nan ala fe za bolo ka e zuman yiman wunlu jin,data/raw\Speaker_id_2\nup_337.txt,data/raw\Speaker_id_2\nup_337.wav,Unknown,Unknown
Speaker_id_2,boloboyin amma woga  zuman o nyin tun beye rayi o yin nga mi tu o woman feleye gan eza tsa jin eyan kpewoyo  egwa zando dan a wotso dzoyan wo ena edzo kpayi amman ku yi a ebo gabo bichi,data/raw\Speaker_id_2\nup_338.txt,data/raw\Speaker_id_2\nup_338.wav,Unknown,Unknown
Speaker_id_2,bichi yawo nga a chinle achi e bauzan o re,data/raw\Speaker_id_2\nup_339.txt,data/raw\Speaker_id_2\nup_339.wav,Unknown,Unknown
Speaker_id_2,"U fe gan baba mi ma zu ni gan toh man wo sto ji mi taimako ma bo Annabi o e na man zhi gi gun na e na dozhi vo a, go rutu na a fin, go rutu nna a la ya o u la o fu.",data/raw\Speaker_id_2\nup_340.txt,data/raw\Speaker_id_2\nup_340.wav,Unknown,Unknown
Speaker_id_3,Zanazhi'a jin kafirinci dagan mini zaba litafizhio na to mushrikizhi aa kpe gwa kuti nazhi'e wun na boa sai dai dalili yan gbangba ga dabe ya'a.,data/raw\Speaker_id_3\nup_1286.txt,data/raw\Speaker_id_3\nup_1286.wav,Unknown,Unknown
Speaker_id_3,"Kanga, yan nafi ni yan’u bo nan ci ga’a tinya kpaata.",data/raw\Speaker_id_3\nup_1287.txt,data/raw\Speaker_id_3\nup_1287.wav,Unknown,Unknown
Speaker_id_3,"Zawangi ndoro, cia fe gangan: ki’i ma jin kin nannan yin nan’o?",data/raw\Speaker_id_3\nup_1288.txt,data/raw\Speaker_id_3\nup_1288.wav,Unknown,Unknown
Speaker_id_3,"Fo wuncin kin yin’otso, a ta labari yanna udan’y nin bo na.",data/raw\Speaker_id_3\nup_1289.txt,data/raw\Speaker_id_3\nup_1289.wav,Unknown,Unknown
Speaker_id_3,Ebona Tsoci Woe jin’u foro be acinga yin’o na.,data/raw\Speaker_id_3\nup_1290.txt,data/raw\Speaker_id_3\nup_1290.wav,Unknown,Unknown
Speaker_id_3,"Efo wuncin zawangizhi kpaata, gaa kpa ekpo ekpo, zaeni ndoro a wa gan, wyun’u le egagba yan etun wun’u ye.",data/raw\Speaker_id_3\nup_1291.txt,data/raw\Speaker_id_3\nup_1291.wav,Unknown,Unknown
Speaker_id_3,"Zaeni ndoro na ga lotun, kotonkoci yan zarra na, wun’a yi alherio wun’a le yan’u ye.",data/raw\Speaker_id_3\nup_1292.txt,data/raw\Speaker_id_3\nup_1292.wav,Unknown,Unknown
Speaker_id_3,"Zaeni ndoro na ga lotun, kotonkoci yan zarra na wun’a yi sharrio wun’a le yan’u ye.",data/raw\Speaker_id_3\nup_1293.txt,data/raw\Speaker_id_3\nup_1293.wav,Unknown,Unknown
Speaker_id_3,Ugayi Tuci dagan eba Soko bo na'afe gba Litafi lilici yaa na.,data/raw\Speaker_id_3\nup_1294.txt,data/raw\Speaker_id_3\nup_1294.wav,Unknown,Unknown
Speaker_id_3,Miniubo Litafizhi fibo nazhi yi cinwancizhi amayi be darajae na.,data/raw\Speaker_id_3\nup_1295.txt,data/raw\Speaker_id_3\nup_1295.wav,Unknown,Unknown
Speaker_id_3,"Zanazhi ma a la litafi ya na, a kpe kpere-kperea sai dai zunma na bayani be hujjazhi da be yaa na.",data/raw\Speaker_id_3\nup_1296.txt,data/raw\Speaker_id_3\nup_1296.wav,Unknown,Unknown
Speaker_id_3,"Ama jin'a foro be yandoci yin'a, sai dai aajin bauta'a ya Soko, amaala adini'a tadzu'a yau, a laa pan'adaa ekpa yan gaskiya baenio. Amaa la salla'a kua gikini, amaa la zakka'a wa, wuncin ga mayi adini yan gboro.",data/raw\Speaker_id_3\nup_1297.txt,data/raw\Speaker_id_3\nup_1297.wav,Unknown,Unknown
Speaker_id_3,"Akika, zana zhi ajin kafirinci, mini Yahudu be Nasara’e na, to zanazhi’e la yan pa Soko baci nan, afi mini ena yan jahannamao, baaga boa fi tutunyin’o zawuncizhi gayi halitta dede zhio.",data/raw\Speaker_id_3\nup_1298.txt,data/raw\Speaker_id_3\nup_1298.wav,Unknown,Unknown
Speaker_id_3,"Akika, zanazhia imaani jin be Sokoe na, acie kezhe lo tun guru na gayi halitta wangi zhio.",data/raw\Speaker_id_3\nup_1299.txt,data/raw\Speaker_id_3\nup_1299.wav,Unknown,Unknown
Speaker_id_3,"Egagba yan za wuncinzhi, u dan ba Soko’o, ugayi aljanna emi ni’ima, na nuwan yan eduzhi’e je tako shin’a bo nan. Bagabo ama fi tutun yin’o. Sokoa yarda jin be etun’ayin atsoma yarda jin be egagba yan Sokoe. Na nan, ugayi egagba, yan zanazhie sundan Soko kandondo nao.",data/raw\Speaker_id_3\nup_1300.txt,data/raw\Speaker_id_3\nup_1300.wav,Unknown,Unknown
Speaker_id_3,"Soko zhi kuti be lokaci, na aga’abe du kin nanna, dudu yan iyaka nan.",data/raw\Speaker_id_3\nup_1301.txt,data/raw\Speaker_id_3\nup_1301.wav,Unknown,Unknown
Speaker_id_3,"A, lili la'adan sunnan yan Tsoci wo bo akika, Sokoa latu ta eti halittazhio kpata.",data/raw\Speaker_id_3\nup_1302.txt,data/raw\Speaker_id_3\nup_1302.wav,Unknown,Unknown
Speaker_id_3,"Akika zaeni ndondo na ga de dansun Sokona, uga gwasun tukpa na woga pau na.",data/raw\Speaker_id_3\nup_1303.txt,data/raw\Speaker_id_3\nup_1303.wav,Unknown,Unknown
Speaker_id_3,"Amma zana gayi shakki, eza tiabi na, u gaujin banza.",data/raw\Speaker_id_3\nup_1304.txt,data/raw\Speaker_id_3\nup_1304.wav,Unknown,Unknown
Speaker_id_3,"(Nana) ye tun uyio yan iri yegun yan Tsoci woe, na'Ujin ya wuzhi'u Zakariya'u na.",data/raw\Speaker_id_3\nup_1305.txt,data/raw\Speaker_id_3\nup_1305.wav,Unknown,Unknown
Speaker_id_3,Yan kamina u yi Tsoci'u ye u ci fe ba'u yan swiswoci na.,data/raw\Speaker_id_3\nup_1306.txt,data/raw\Speaker_id_3\nup_1306.wav,Unknown,Unknown
Speaker_id_3,"Ugan: ""Tsoci, hakika tsukun nakan kpace mi mi zhi'a to gbogun, eti mi kpata ma'a she be tinyin bokun'y, Tsoci, mi ma jin eza ti'abi eba jin jin aduwao be ba wo ya'a.""",data/raw\Speaker_id_3\nup_1307.txt,data/raw\Speaker_id_3\nup_1307.wav,Unknown,Unknown
Speaker_id_3,"Hakika ma, mide dansun ya dangi mizhi (na a'a be gigun etun adini nana) zunma mi boa na. Yinmi mi ma kezhe'afe mara (na la'a magi leana) ebo acin'o twa-mirya be egi na'ayi taimako jin ci na dagan nko wo bo.",data/raw\Speaker_id_3\nup_1308.txt,data/raw\Speaker_id_3\nup_1308.wav,Unknown,Unknown
Speaker_id_3,"Na'a gi gun mi na, uma'a gigun za mi Yakubu zhi na; Tsoci wo mao la wyun'ofe egi na woa jin yeda be yin na.",data/raw\Speaker_id_3\nup_1309.txt,data/raw\Speaker_id_3\nup_1309.wav,Unknown,Unknown
Speaker_id_3,"(A ci be gan'u gan) woe Zakariyau! Yie jin woe bushara be dide egi na sunna wyun'ayi Yahya na, Yima la'a la sunna nana ya zandoci shidzo lea.",data/raw\Speaker_id_3\nup_1310.txt,data/raw\Speaker_id_3\nup_1310.wav,Unknown,Unknown
Speaker_id_3,"Ugan: ""Tsoci mi! ke wun'a zhezhe mi ci de egi nao, ala'ali ma yinmi ma'afe maara nao, mitso ma dan-na miatun legen lege eba nunsabo bo?""",data/raw\Speaker_id_3\nup_1311.txt,data/raw\Speaker_id_3\nup_1311.wav,Unknown,Unknown
Speaker_id_3,"(Mala'ika) ci gan: ""Acinga ga Tsoci wo gan'o"" wuncin eyan finfanci uyi eba Mi bo, ngan na Mi ca jin jin woe mafari na, wo fe yandondo shiboa.",data/raw\Speaker_id_3\nup_1312.txt,data/raw\Speaker_id_3\nup_1312.wav,Unknown,Unknown
Speaker_id_3,"Soko ga jin alitta kpatao, u cia jin dai dai.",data/raw\Speaker_id_3\nup_1313.txt,data/raw\Speaker_id_3\nup_1313.wav,Unknown,Unknown
Speaker_id_3,"Ugan: ""Tsoci mi! A' alama ndoci la'ashishi ya mi (na mi ga'a kpe ewande yinmi mi ye na)."" (Soko) ci gan: ""Alama'u ga yi cinbo yan egan gan (yan yinmi woe) be zawangizhi har yan efo guta gboro.""",data/raw\Speaker_id_3\nup_1314.txt,data/raw\Speaker_id_3\nup_1314.wav,Unknown,Unknown
Speaker_id_3,"Soko gayi Etsu najin iyaaka ya alitta ndondo nan'o, uci kezhe' a'bawu laa yau.",data/raw\Speaker_id_3\nup_1315.txt,data/raw\Speaker_id_3\nup_1315.wav,Unknown,Unknown
Speaker_id_3,Soko gayi Etsu na la e-- zhi tinya ebo u lau fe yangiciu ya dabba yezhi nao.,data/raw\Speaker_id_3\nup_1316.txt,data/raw\Speaker_id_3\nup_1316.wav,Unknown,Unknown
Speaker_id_3,"Uci kezhea E-- wuncinzhi laa zhe wiwoci, na' ashi zhiko na.",data/raw\Speaker_id_3\nup_1317.txt,data/raw\Speaker_id_3\nup_1317.wav,Unknown,Unknown
Speaker_id_3,"Beleyin, Yi'a wu woe ka'tun, woma'a bautan bea.",data/raw\Speaker_id_3\nup_1318.txt,data/raw\Speaker_id_3\nup_1318.wav,Unknown,Unknown
Speaker_id_3,"Sai dai, na gabe ba Soko na, akika, Soko de kpikpe yanan tula nan to yanan swo kpa'ata nan.",data/raw\Speaker_id_3\nup_1319.txt,data/raw\Speaker_id_3\nup_1319.wav,Unknown,Unknown
Speaker_id_3,"Yi maga sauki, be fifan'e la'adan alamari wozhio ya woe.",data/raw\Speaker_id_3\nup_1320.txt,data/raw\Speaker_id_3\nup_1320.wav,Unknown,Unknown
Speaker_id_3,(Annabi) jin zawangizhi gangba. Kamina gangba ga'ajin'a anfani nan.,data/raw\Speaker_id_3\nup_1321.txt,data/raw\Speaker_id_3\nup_1321.wav,Unknown,Unknown
Speaker_id_3,"Akika za na zhia jin kafirinci na, dukiya'azhi to egiazhi a kunke ya'a wo be yandondoe eba Soko boa, a wuncinzhima, agayi emi (be cigbantun) yan ena zhio.",data/raw\Speaker_id_3\nup_1462.txt,data/raw\Speaker_id_3\nup_1462.wav,Unknown,Unknown
Speaker_id_3,"Tabiazhi yi ke yan za ba Fir'auna zhi na, to za nazhi shia dzo na, a aya yizhi yi ganmana, Soko ma cia wan be zunubiazhi, Soko ma Etsu uyio na gbata azabao na.",data/raw\Speaker_id_3\nup_1463.txt,data/raw\Speaker_id_3\nup_1463.wav,Unknown,Unknown
Speaker_id_3,"Gan ya za nazhia jin kafirinci na gan: Bele-yin agae zankpe, ama gae ku yekan da jahannama be ,bibi ma'ajin tabbata ya yantaci wuncin.",data/raw\Speaker_id_3\nup_1464.txt,data/raw\Speaker_id_3\nup_1464.wav,Unknown,Unknown
Speaker_id_3,"Akika aya (wanciko) wun'afe yaye dan mini jama'a guba nazhi gun be dozhi ekundao na jama'a kasan nini e'gun'kun ta eti eko Soko, kasan baci ma yan Kafirizhi'u yio, aci e leye gan'ajin (Musulumizhi) guba, lile ye yan. Soko mae la kagbo a ya za na ga Una be mae la kagbo a ya za na ga ba Una be Nasara Uyin.Akika mini wuncin'o eyan yekpa danbo ya zanazhi gayi eza baseera zhi na.",data/raw\Speaker_id_3\nup_1465.txt,data/raw\Speaker_id_3\nup_1465.wav,Unknown,Unknown
Speaker_id_3,"A wiwa yan eyan shahawazhi pa nini fi zawangizhi, yan yinzagizhi, egizhi to dukiya nazhi yi epa epazhi yan zinariya be azarfae na, to doko nazhia pa nin na, to dabbazhi to yangici sunsunzhi. Wuncinzhi kpata eyan emawo izhe ayio. Soko ma ebaugabo ezhe keba wangi dan'o.",data/raw\Speaker_id_3\nup_1466.txt,data/raw\Speaker_id_3\nup_1466.wav,Unknown,Unknown
Speaker_id_3,"Gan gan, kashi min yaye labari yan natsozhi de alheri gan wuncinzhina? Ya zanazhi ga sundan Soko na, Aljanna nazhi nuwan zhieje fi tako'abo na danbo ya'a eba yan Tsociabo, bagabo ma'afi tutunyin'o, To yinmizhi nazhi yi lilicizhina, ganni be yeda jin dagan eba Soko. Soko mae le wuzhizhi ye (be iri yan nazhi e'jin na.)",data/raw\Speaker_id_3\nup_1467.txt,data/raw\Speaker_id_3\nup_1467.wav,Unknown,Unknown
Speaker_id_3,"Za nazhie gan gan: Ya Woe Tsuci yi! Akika yi, yia imani jin, ebo acin'o fa be zunubiyizhi, Wo mao tswayi be azaba enae.",data/raw\Speaker_id_3\nup_1468.txt,data/raw\Speaker_id_3\nup_1468.wav,Unknown,Unknown
Speaker_id_3,"Za nazhie jin hakuri na, to za nazhi yi 'za gaskiya zhi na, to za nazhie dakpya na. To za nazhie ba gafara dan lokaci Asuba'abo na.",data/raw\Speaker_id_3\nup_1469.txt,data/raw\Speaker_id_3\nup_1469.wav,Unknown,Unknown
Speaker_id_3,"Soko jin ri kede ade Tsoci ndocia, saide Wyun na, to Malaikazhi, to eza kpikpezhi, nazhie la'kugikini be gaskiyae na, ade Tsoci ndocia saide Wyun'y, Etsu nayi Etsu zankpe na, Etsu nayi Etsu hikima na.",data/raw\Speaker_id_3\nup_1470.txt,data/raw\Speaker_id_3\nup_1470.wav,Unknown,Unknown
Speaker_id_3,"Akika, adini (eko izhe le) natso Soko jin yeda be yin na, U'gayi Musuluncio, Za nazhi ma ala litafi ya na, ace leba'a, saibaci na ilimi da be ya na, ebo yangban dede na dan tsakani'abo na,Zandondo na gae jin kafirinci be aya Soko zhi-na, to akika Soko faneba hisabi jin'o.",data/raw\Speaker_id_3\nup_1471.txt,data/raw\Speaker_id_3\nup_1471.wav,Unknown,Unknown
Speaker_id_3,"Soko! Ade yandoci na'ajin bawta ya (be gaskiyae) na, sai de Wyun'y, Etsu rayi, Etsu na'akunke be yandondoe na.",data/raw\Speaker_id_3\nup_1472.txt,data/raw\Speaker_id_3\nup_1472.wav,Unknown,Unknown
Speaker_id_3,"Wyun’a Litafi cin be'a ya woe ganni be gaskiyae, umae la gaskiya-bo yan (litafi) nazhi shiu dzo na wu, Uma cin Attaura be to Injeela.",data/raw\Speaker_id_3\nup_1473.txt,data/raw\Speaker_id_3\nup_1473.wav,Unknown,Unknown
Speaker_id_3,"Shidzo batsozhio, bawu a yio ya zawangizhi, u ma cin (Funruqanu) Litafi na la erikpe dan tsakani gaskiya be ganmanae na, Akika zanazhia jin kafirinci be aya Soko zhiy na, azaba na gbota na ga'ajin tabbata ya'a. Soko ma Etsu zankpe uyio, Etsu na yi be azaba na tsanni uyio.",data/raw\Speaker_id_3\nup_1474.txt,data/raw\Speaker_id_3\nup_1474.wav,Unknown,Unknown
Speaker_id_3,"Akika Soko, yandondo swo'U dan mini kin boa, yando ma swo'U dan dan mini samaboa.",data/raw\Speaker_id_3\nup_1475.txt,data/raw\Speaker_id_3\nup_1475.wav,Unknown,Unknown
Speaker_id_3,"Wyun ga yi Etsu nae tswa ye dan mini ewanzhio kendoe ga ba U nao. Ade yandoci na'awun (be gaskiyae) na'a saide Wyun'y, na yi Etsu zankpe uma yi Etsu hikima na.",data/raw\Speaker_id_3\nup_1476.txt,data/raw\Speaker_id_3\nup_1476.wav,Unknown,Unknown
Speaker_id_3,"Wyun ga cin litafi be ya wo yo, miniu bo ayazhi danbo nazhi bayani hukunciazhi yi bibaci na, a ga dokun gan fi litafi bo, ndocizhi madanbo bayani hukuncizhi, be dozhi. Ammaa, za nazhi yangba'azhi a pan ke gaskiya lugwa na, elami-la-tu nazhi ga bedozhi miniubo na, ebo wiwa yan fitinao, be wiwa fasara eti etun yangba'o, zandondo ma kpe fasarau yan gaskiya yea saide Soko. Za nazhi ma'a shidu dan ilimio na, ajin afe gan: 'Yi yia imani jin be uyin, kpatau daga eba Tsuci yi bo ufe beo'. Amade za nazhie kpaye na'a saide eza ankalizhi.",data/raw\Speaker_id_3\nup_1477.txt,data/raw\Speaker_id_3\nup_1477.wav,Unknown,Unknown
Speaker_id_3,"Tsoci yi! Ga pan yangban yi ke gaskiiya lugwa ma, baci na Wo'a yi wu ba'ni na ma, Wo ma'o twarya yegun'o yayi dagan nko wo bo, akika woe, Etsu ryatwa wo yio.",data/raw\Speaker_id_3\nup_1478.txt,data/raw\Speaker_id_3\nup_1478.wav,Unknown,Unknown
Speaker_id_3,"Ya wo Tsuci yi! Akika wo ga yi za na'aku zawangizhi yekan dan mini efo na kelo kezhin ndondo dan boa nao. Akika , Sokoe le lokaci alkawali ba'a.",data/raw\Speaker_id_3\nup_1479.txt,data/raw\Speaker_id_3\nup_1479.wav,Unknown,Unknown
Speaker_id_3,"Wo kpe nyina na, wo kpe esun à.",data/raw\Speaker_id_3\nup_345.txt,data/raw\Speaker_id_3\nup_345.wav,Unknown,Unknown
Speaker_id_3,Eza è gi yiwara zo vo wun kun gwa wun à.,data/raw\Speaker_id_3\nup_346.txt,data/raw\Speaker_id_3\nup_346.wav,Unknown,Unknown
Speaker_id_3,"Wun jin na eza lé be nyi na, wun è san be nyi à.",data/raw\Speaker_id_3\nup_347.txt,data/raw\Speaker_id_3\nup_347.wav,Unknown,Unknown
Speaker_id_3,Zandondo ù la emi ù tú égún mi nda ù.,data/raw\Speaker_id_3\nup_348.txt,data/raw\Speaker_id_3\nup_348.wav,Unknown,Unknown
Speaker_id_3,Kankuru na janfuru dan nuwon ò na be tsun yikán tsun.,data/raw\Speaker_id_3\nup_349.txt,data/raw\Speaker_id_3\nup_349.wav,Unknown,Unknown
Speaker_id_3,"Nyana è ge eza na wun ga yizheci è nanvó, nyana ma è nyí eza na wun ga è dagun ò.",data/raw\Speaker_id_3\nup_350.txt,data/raw\Speaker_id_3\nup_350.wav,Unknown,Unknown
Speaker_id_3,"Wo gá gba ezako, efo de à yi efo wotso be de ezako ye.",data/raw\Speaker_id_3\nup_351.txt,data/raw\Speaker_id_3\nup_351.wav,Unknown,Unknown
Speaker_id_3,Nyagbanlaci è de enyandondo à.,data/raw\Speaker_id_3\nup_352.txt,data/raw\Speaker_id_3\nup_352.wav,Unknown,Unknown
Speaker_id_3,Dagan yeshi ga bo è ca eci lazhin ò.,data/raw\Speaker_id_3\nup_353.txt,data/raw\Speaker_id_3\nup_353.wav,Unknown,Unknown
Speaker_id_3,Tukpapa wun è lugwa tukpa tsu à.,data/raw\Speaker_id_3\nup_354.txt,data/raw\Speaker_id_3\nup_354.wav,Unknown,Unknown
Speaker_id_3,"A ga è kín ò gongi má wa, wo fe tswa ewanko.",data/raw\Speaker_id_3\nup_355.txt,data/raw\Speaker_id_3\nup_355.wav,Unknown,Unknown
Speaker_id_3,Zawangi wun rayi à.,data/raw\Speaker_id_3\nup_356.txt,data/raw\Speaker_id_3\nup_356.wav,Unknown,Unknown
Speaker_id_3,"Dagbá ku èsà, asara yi nya esatso.",data/raw\Speaker_id_3\nup_357.txt,data/raw\Speaker_id_3\nup_357.wav,Unknown,Unknown
Speaker_id_3,"Wo gá la yikuru dzodzo, madán à gun ò.",data/raw\Speaker_id_3\nup_358.txt,data/raw\Speaker_id_3\nup_358.wav,Unknown,Unknown
Speaker_id_3,"Wo yi da yi lo è, wotso ma ò la bicí ò kpé.",data/raw\Speaker_id_3\nup_359.txt,data/raw\Speaker_id_3\nup_359.wav,Unknown,Unknown
Speaker_id_3,"A gan majin ényà-donci à gbín, wo gan we gbigan ényà-donci.",data/raw\Speaker_id_3\nup_360.txt,data/raw\Speaker_id_3\nup_360.wav,Unknown,Unknown
Speaker_id_3,"Zana gba ebó ye na, wun ga ebo è kunmi.",data/raw\Speaker_id_3\nup_361.txt,data/raw\Speaker_id_3\nup_361.wav,Unknown,Unknown
Speaker_id_3,Éyé dá wun má yékorogi à.,data/raw\Speaker_id_3\nup_362.txt,data/raw\Speaker_id_3\nup_362.wav,Unknown,Unknown
Speaker_id_3,"Yi à lo, yi à lo; wun ga è la zhi lo lokpa ò.",data/raw\Speaker_id_3\nup_363.txt,data/raw\Speaker_id_3\nup_363.wav,Unknown,Unknown
Speaker_id_3,"Bici ù tswa éwá, éwá ma ù tswa bici.",data/raw\Speaker_id_3\nup_364.txt,data/raw\Speaker_id_3\nup_364.wav,Unknown,Unknown
Speaker_id_3,Tswa éyé! tswa éyé! gá yi cigbe éyé ò.,data/raw\Speaker_id_3\nup_365.txt,data/raw\Speaker_id_3\nup_365.wav,Unknown,Unknown
Speaker_id_3,Dangi emi ga è won bishe emi ò.,data/raw\Speaker_id_3\nup_366.txt,data/raw\Speaker_id_3\nup_366.wav,Unknown,Unknown
Speaker_id_3,A la hankali à tswa lafiya.,data/raw\Speaker_id_3\nup_367.txt,data/raw\Speaker_id_3\nup_367.wav,Unknown,Unknown
Speaker_id_3,Zana gbin nuwon be èwòko na wun gá nuwon è gbin ò.,data/raw\Speaker_id_3\nup_368.txt,data/raw\Speaker_id_3\nup_368.wav,Unknown,Unknown
Speaker_id_3,"Kabo éyé-nnakogi nyaga wo be à, wun è ceka ba egi égí.",data/raw\Speaker_id_3\nup_369.txt,data/raw\Speaker_id_3\nup_369.wav,Unknown,Unknown
Speaker_id_3,"Eza à ce ekpà, kin yaba?",data/raw\Speaker_id_3\nup_370.txt,data/raw\Speaker_id_3\nup_370.wav,Unknown,Unknown
Speaker_id_3,Eni è zan eje wun kan gi gi wun à.,data/raw\Speaker_id_3\nup_371.txt,data/raw\Speaker_id_3\nup_371.wav,Unknown,Unknown
Speaker_id_3,"Eyiwárá ga pin dan èdò, nin nyi ù yi tsa tsa è.",data/raw\Speaker_id_3\nup_372.txt,data/raw\Speaker_id_3\nup_372.wav,Unknown,Unknown
Speaker_id_3,Yajinci jin nyana kagbo ù kun na.,data/raw\Speaker_id_3\nup_373.txt,data/raw\Speaker_id_3\nup_373.wav,Unknown,Unknown
Speaker_id_3,Madangunci è kpe eje sánmu ye kperi à.,data/raw\Speaker_id_3\nup_374.txt,data/raw\Speaker_id_3\nup_374.wav,Unknown,Unknown
Speaker_id_3,"Eza bo bo kpa eshigi wun latswan be à? Wo ga è tswan-tswan-nyi, eshigi gan wun dan na.",data/raw\Speaker_id_3\nup_375.txt,data/raw\Speaker_id_3\nup_375.wav,Unknown,Unknown
Speaker_id_3,Kara na nyagban pa na wun è lò eti à.,data/raw\Speaker_id_3\nup_376.txt,data/raw\Speaker_id_3\nup_376.wav,Unknown,Unknown
Speaker_id_3,"Nangi ga e za be eshigi, wun à be à ca ebi nyi gi.",data/raw\Speaker_id_3\nup_377.txt,data/raw\Speaker_id_3\nup_377.wav,Unknown,Unknown
Speaker_id_3,Wun jin za è wun kuso na wun kana à.,data/raw\Speaker_id_3\nup_378.txt,data/raw\Speaker_id_3\nup_378.wav,Unknown,Unknown
Speaker_id_3,"Egwa la mufu lo ená ò, a ma tsukun tsá ma à wa wun ò.",data/raw\Speaker_id_3\nup_379.txt,data/raw\Speaker_id_3\nup_379.wav,Unknown,Unknown
Speaker_id_3,Éyé na shi na ékó na; zana da ù na à masha.,data/raw\Speaker_id_3\nup_380.txt,data/raw\Speaker_id_3\nup_380.wav,Unknown,Unknown
Speaker_id_3,wun a  min kugba dankin,data/raw\Speaker_id_3\nup_381.txt,data/raw\Speaker_id_3\nup_381.wav,Unknown,Unknown
Speaker_id_3,ga bayi tan man!,data/raw\Speaker_id_3\nup_382.txt,data/raw\Speaker_id_3\nup_382.wav,Unknown,Unknown
Speaker_id_3,mi ga number waya fe be emi mi ka,data/raw\Speaker_id_3\nup_383.txt,data/raw\Speaker_id_3\nup_383.wav,Unknown,Unknown
Speaker_id_3,gaskiya?zhi wowagan wogangan be yon? yentsugi fe gbingan babu chichile yan Daisy,data/raw\Speaker_id_3\nup_384.txt,data/raw\Speaker_id_3\nup_384.wav,Unknown,Unknown
Speaker_id_3,Daisy fe wagan wan nanvo kaya wunchizhi wunfe le frank ye be daga kpako man,data/raw\Speaker_id_3\nup_385.txt,data/raw\Speaker_id_3\nup_385.wav,Unknown,Unknown
Speaker_id_3,Lo eba Firauna be waziriuzhi acia mitu foro Firauna foro Firauna kpata ma ta eti ekpa gboro boa,data/raw\Speaker_id_3\nup_386.txt,data/raw\Speaker_id_3\nup_386.wav,Unknown,Unknown
Speaker_id_3,Ya wyo Tsoci yi! Fa be ye yin to yanmaci mizhi to musulumizhi kpata Efo naa ga gba na,data/raw\Speaker_id_3\nup_387.txt,data/raw\Speaker_id_3\nup_387.wav,Unknown,Unknown
Speaker_id_3,Hakika mini wuncino ayazhi danbo ya zanazhie la hankali tu yanzhi na,data/raw\Speaker_id_3\nup_388.txt,data/raw\Speaker_id_3\nup_388.wav,Unknown,Unknown
Speaker_id_3,Soko ma yi be kpikpe yannazhi ye swo na to nazhi ye tula naSurah And Allah doth know what ye conceal and what ye revealSoko ma yi be kpikpe yannazhi ye swo na to nazhi ye tula na,data/raw\Speaker_id_3\nup_389.txt,data/raw\Speaker_id_3\nup_389.wav,Unknown,Unknown
Speaker_id_3,Ama ga ya zaeni miniabo labari be mima egi yinzagi fuskau gaashi zhiko yangbanu magaa yin sarauyin,data/raw\Speaker_id_3\nup_390.txt,data/raw\Speaker_id_3\nup_390.wav,Unknown,Unknown
Speaker_id_3,Hakika zanazhi jin imani be aya Sokozhi yina na Sokoa laa ke ekoa azaba na ma tan na gajin tabbata yaa,data/raw\Speaker_id_3\nup_391.txt,data/raw\Speaker_id_3\nup_391.wav,Unknown,Unknown
Speaker_id_3,Hakika ma Tuci be yaa dagan mini abo aciu yi ganmana zunci azaba cia cin taa alali ma a fe azwalumi zhi,data/raw\Speaker_id_3\nup_392.txt,data/raw\Speaker_id_3\nup_392.wav,Unknown,Unknown
Speaker_id_3,da wa gaskiya tayami,data/raw\Speaker_id_3\nup_393.txt,data/raw\Speaker_id_3\nup_393.wav,Unknown,Unknown
Speaker_id_3,Ye mae ga tsoba etun yancinda ma hakika wunafe etun dede uma yi ekpa na gyea na,data/raw\Speaker_id_3\nup_394.txt,data/raw\Speaker_id_3\nup_394.wav,Unknown,Unknown
Speaker_id_3,Kpata wuncinzhi etun dedezhi ayi eba Tsoci wyobo amayi eyan nanavo,data/raw\Speaker_id_3\nup_395.txt,data/raw\Speaker_id_3\nup_395.wav,Unknown,Unknown
Speaker_id_3,Tukpapa wun è lugwa tukpa tsu à.,data/raw\Speaker_id_3\nup_396.txt,data/raw\Speaker_id_3\nup_396.wav,Unknown,Unknown
Speaker_id_3,babo woye lagan lo?,data/raw\Speaker_id_3\nup_397.txt,data/raw\Speaker_id_3\nup_397.wav,Unknown,Unknown
Speaker_id_3,wo jin dzakangi bya,data/raw\Speaker_id_3\nup_398.txt,data/raw\Speaker_id_3\nup_398.wav,Unknown,Unknown
Speaker_id_3,woya shi alkali nchi waa,data/raw\Speaker_id_3\nup_399.txt,data/raw\Speaker_id_3\nup_399.wav,Unknown,Unknown
Speaker_id_3,mi jin anfanni be phone wo yin wo?,data/raw\Speaker_id_3\nup_400.txt,data/raw\Speaker_id_3\nup_400.wav,Unknown,Unknown
Speaker_id_3,ba wo dan na,data/raw\Speaker_id_3\nup_401.txt,data/raw\Speaker_id_3\nup_401.wav,Unknown,Unknown
Speaker_id_3,eyan tausayi yo na woya biya na,data/raw\Speaker_id_3\nup_402.txt,data/raw\Speaker_id_3\nup_402.wav,Unknown,Unknown
Speaker_id_3,ki woya jion ayi woga yi mi yannao,data/raw\Speaker_id_3\nup_403.txt,data/raw\Speaker_id_3\nup_403.wav,Unknown,Unknown
Speaker_id_3,efe a waya yan light ba eba dokun o,data/raw\Speaker_id_3\nup_404.txt,data/raw\Speaker_id_3\nup_404.wav,Unknown,Unknown
Speaker_id_3,Bambe kakpe nyi,data/raw\Speaker_id_3\nup_405.txt,data/raw\Speaker_id_3\nup_405.wav,Unknown,Unknown
Speaker_id_3,ekpa eya latun a,data/raw\Speaker_id_3\nup_406.txt,data/raw\Speaker_id_3\nup_406.wav,Unknown,Unknown
Speaker_id_3,ekpa eya latun a,data/raw\Speaker_id_3\nup_407.txt,data/raw\Speaker_id_3\nup_407.wav,Unknown,Unknown
Speaker_id_3,aye dan mini we,data/raw\Speaker_id_3\nup_408.txt,data/raw\Speaker_id_3\nup_408.wav,Unknown,Unknown
Speaker_id_3,wa dzunyila na?,data/raw\Speaker_id_3\nup_409.txt,data/raw\Speaker_id_3\nup_409.wav,Unknown,Unknown
Speaker_id_3,zhi woya li edzoshichi kasa o,data/raw\Speaker_id_3\nup_410.txt,data/raw\Speaker_id_3\nup_410.wav,Unknown,Unknown
Speaker_id_3,edu na shina e shidu,data/raw\Speaker_id_3\nup_411.txt,data/raw\Speaker_id_3\nup_411.wav,Unknown,Unknown
Speaker_id_3,ke emiwo jin nao?,data/raw\Speaker_id_3\nup_412.txt,data/raw\Speaker_id_3\nup_412.wav,Unknown,Unknown
Speaker_id_3,miya lo bane chi film le na,data/raw\Speaker_id_3\nup_413.txt,data/raw\Speaker_id_3\nup_413.wav,Unknown,Unknown
Speaker_id_3,bochi a chi esusun mi le,data/raw\Speaker_id_3\nup_414.txt,data/raw\Speaker_id_3\nup_414.wav,Unknown,Unknown
Speaker_id_3,gbanfere yan london ya kpere be yan ezhi yan tokyo e,data/raw\Speaker_id_3\nup_415.txt,data/raw\Speaker_id_3\nup_415.wav,Unknown,Unknown
Speaker_id_3,Oh! Cincin kpe ayibu a,data/raw\Speaker_id_3\nup_416.txt,data/raw\Speaker_id_3\nup_416.wav,Unknown,Unknown
Speaker_id_3,miga kpekpe miga ganya we,data/raw\Speaker_id_3\nup_417.txt,data/raw\Speaker_id_3\nup_417.wav,Unknown,Unknown
Speaker_id_3,kpemi gangan degi bosoko,data/raw\Speaker_id_3\nup_418.txt,data/raw\Speaker_id_3\nup_418.wav,Unknown,Unknown
Speaker_id_3,miya da gbani,data/raw\Speaker_id_3\nup_419.txt,data/raw\Speaker_id_3\nup_419.wav,Unknown,Unknown
Speaker_id_3,yiya kpe gaskiya ye tsotso,data/raw\Speaker_id_3\nup_420.txt,data/raw\Speaker_id_3\nup_420.wav,Unknown,Unknown
Speaker_id_3,mike gayi gwani ya yiyo,data/raw\Speaker_id_3\nup_421.txt,data/raw\Speaker_id_3\nup_421.wav,Unknown,Unknown
Speaker_id_3,dzakangi wunyo,data/raw\Speaker_id_3\nup_422.txt,data/raw\Speaker_id_3\nup_422.wav,Unknown,Unknown
Speaker_id_3,me leye gan wola mr white leye,data/raw\Speaker_id_3\nup_423.txt,data/raw\Speaker_id_3\nup_423.wav,Unknown,Unknown
Speaker_id_3,ki wo ye wan shi o?,data/raw\Speaker_id_3\nup_424.txt,data/raw\Speaker_id_3\nup_424.wav,Unknown,Unknown
Speaker_id_3,alkali ndondo de tsochi u,data/raw\Speaker_id_3\nup_425.txt,data/raw\Speaker_id_3\nup_425.wav,Unknown,Unknown
Speaker_id_3,wudzi yan tsochi dede ga mi yo,data/raw\Speaker_id_3\nup_426.txt,data/raw\Speaker_id_3\nup_426.wav,Unknown,Unknown
Speaker_id_3,mi dan eko e be,data/raw\Speaker_id_3\nup_427.txt,data/raw\Speaker_id_3\nup_427.wav,Unknown,Unknown
Speaker_id_3,sarati yan tsochi mi,data/raw\Speaker_id_3\nup_428.txt,data/raw\Speaker_id_3\nup_428.wav,Unknown,Unknown
Speaker_id_3,ami jin gun,data/raw\Speaker_id_3\nup_429.txt,data/raw\Speaker_id_3\nup_429.wav,Unknown,Unknown
Speaker_id_3,a mi la zhe eza egun be eye wu e,data/raw\Speaker_id_3\nup_430.txt,data/raw\Speaker_id_3\nup_430.wav,Unknown,Unknown
Speaker_id_3,ke jin faruwa kogo bo? mide sanni a,data/raw\Speaker_id_3\nup_431.txt,data/raw\Speaker_id_3\nup_431.wav,Unknown,Unknown
Speaker_id_3,miye wa eya na lami kpekpe a bonna o na,data/raw\Speaker_id_3\nup_432.txt,data/raw\Speaker_id_3\nup_432.wav,Unknown,Unknown
Speaker_id_3,miye zhe ewo,data/raw\Speaker_id_3\nup_433.txt,data/raw\Speaker_id_3\nup_433.wav,Unknown,Unknown
Speaker_id_3,wan fe yeko,data/raw\Speaker_id_3\nup_434.txt,data/raw\Speaker_id_3\nup_434.wav,Unknown,Unknown
Speaker_id_3,gbanfere ga mi wa gan o,data/raw\Speaker_id_3\nup_435.txt,data/raw\Speaker_id_3\nup_435.wav,Unknown,Unknown
Speaker_id_3,babo wo lodan?,data/raw\Speaker_id_3\nup_436.txt,data/raw\Speaker_id_3\nup_436.wav,Unknown,Unknown
Speaker_id_3,woye la ndondo la zahiri,data/raw\Speaker_id_3\nup_437.txt,data/raw\Speaker_id_3\nup_437.wav,Unknown,Unknown
Speaker_id_3,zandondo de kagbo be gbogun i,data/raw\Speaker_id_3\nup_438.txt,data/raw\Speaker_id_3\nup_438.wav,Unknown,Unknown
Speaker_id_3,wode zandondo a ya lefia sai wotso,data/raw\Speaker_id_3\nup_439.txt,data/raw\Speaker_id_3\nup_439.wav,Unknown,Unknown
Speaker_id_3,wo sa bologi,data/raw\Speaker_id_3\nup_440.txt,data/raw\Speaker_id_3\nup_440.wav,Unknown,Unknown
Speaker_id_3,miya bo,data/raw\Speaker_id_3\nup_441.txt,data/raw\Speaker_id_3\nup_441.wav,Unknown,Unknown
Speaker_id_3,wajin wo dagan zhanpa o,data/raw\Speaker_id_3\nup_442.txt,data/raw\Speaker_id_3\nup_442.wav,Unknown,Unknown
Speaker_id_3,mila leye ezhiti bo a,data/raw\Speaker_id_3\nup_443.txt,data/raw\Speaker_id_3\nup_443.wav,Unknown,Unknown
Speaker_id_3,zhi woya li edzoshichi kasa o,data/raw\Speaker_id_3\nup_444.txt,data/raw\Speaker_id_3\nup_444.wav,Unknown,Unknown
Speaker_id_3,efun yi gajin unche je nuwan ele ga du na,data/raw\Speaker_id_3\nup_445.txt,data/raw\Speaker_id_3\nup_445.wav,Unknown,Unknown
Speaker_id_3,miya jin ene e fin na,data/raw\Speaker_id_3\nup_446.txt,data/raw\Speaker_id_3\nup_446.wav,Unknown,Unknown
Speaker_id_3,eba pa zhiko na ya dzodzo zhanpao na,data/raw\Speaker_id_3\nup_447.txt,data/raw\Speaker_id_3\nup_447.wav,Unknown,Unknown
Speaker_id_3,mide etun dokun a lo,data/raw\Speaker_id_3\nup_448.txt,data/raw\Speaker_id_3\nup_448.wav,Unknown,Unknown
Speaker_id_3,ele du,data/raw\Speaker_id_3\nup_449.txt,data/raw\Speaker_id_3\nup_449.wav,Unknown,Unknown
Speaker_id_3,woga dan rome o jin ke romechizhi na,data/raw\Speaker_id_3\nup_450.txt,data/raw\Speaker_id_3\nup_450.wav,Unknown,Unknown
Speaker_id_3,kpemi gagan bo soko o,data/raw\Speaker_id_3\nup_451.txt,data/raw\Speaker_id_3\nup_451.wav,Unknown,Unknown
Speaker_id_3,danlokaci yentusgi u bo mary che nan ena na wa zhe man takada nan,data/raw\Speaker_id_3\nup_452.txt,data/raw\Speaker_id_3\nup_452.wav,Unknown,Unknown
Speaker_id_3,zandondon fe wanwozhi a fe yanyan,data/raw\Speaker_id_3\nup_453.txt,data/raw\Speaker_id_3\nup_453.wav,Unknown,Unknown
Speaker_id_3,minye la tun a ni,data/raw\Speaker_id_3\nup_454.txt,data/raw\Speaker_id_3\nup_454.wav,Unknown,Unknown
Speaker_id_3,helen keller yi eyebonci tukpa tenchi be bebe,data/raw\Speaker_id_3\nup_455.txt,data/raw\Speaker_id_3\nup_455.wav,Unknown,Unknown
Speaker_id_3,wa fin kpalaba ege?,data/raw\Speaker_id_3\nup_456.txt,data/raw\Speaker_id_3\nup_456.wav,Unknown,Unknown
Speaker_id_3,bread be butter e ga miye lagun lazhion,data/raw\Speaker_id_3\nup_457.txt,data/raw\Speaker_id_3\nup_457.wav,Unknown,Unknown
Speaker_id_3,lugwa miyin le passport wo ye,data/raw\Speaker_id_3\nup_458.txt,data/raw\Speaker_id_3\nup_458.wav,Unknown,Unknown
Speaker_id_3,mota tun efin guwo e,data/raw\Speaker_id_3\nup_459.txt,data/raw\Speaker_id_3\nup_459.wav,Unknown,Unknown
Speaker_id_3,un ya mi etan ya rayuwa o,data/raw\Speaker_id_3\nup_460.txt,data/raw\Speaker_id_3\nup_460.wav,Unknown,Unknown
Speaker_id_3,kila michya jin achion?,data/raw\Speaker_id_3\nup_461.txt,data/raw\Speaker_id_3\nup_461.wav,Unknown,Unknown
Speaker_id_3,wuchian ge,data/raw\Speaker_id_3\nup_462.txt,data/raw\Speaker_id_3\nup_462.wav,Unknown,Unknown
Speaker_id_3,zandondo de ena jin na,data/raw\Speaker_id_3\nup_463.txt,data/raw\Speaker_id_3\nup_463.wav,Unknown,Unknown
Speaker_id_3,tom wan gikinini ge ya sanaa,data/raw\Speaker_id_3\nup_464.txt,data/raw\Speaker_id_3\nup_464.wav,Unknown,Unknown
Speaker_id_3,Nusa tutunti u yi o eza ndoiido ku ba da ya kpe u,data/raw\Speaker_id_3\nup_465.txt,data/raw\Speaker_id_3\nup_465.wav,Unknown,Unknown
Speaker_id_3,A jin nyina ge ebo sun o,data/raw\Speaker_id_3\nup_466.txt,data/raw\Speaker_id_3\nup_466.wav,Unknown,Unknown
Speaker_id_3,Zinkiri u nyi nya a wun ege nya ge,data/raw\Speaker_id_3\nup_467.txt,data/raw\Speaker_id_3\nup_467.wav,Unknown,Unknown
Speaker_id_3,Diiini kpe tsu ye a,data/raw\Speaker_id_3\nup_468.txt,data/raw\Speaker_id_3\nup_468.wav,Unknown,Unknown
Speaker_id_3,Nampa kuku ii won na mi bo a,data/raw\Speaker_id_3\nup_469.txt,data/raw\Speaker_id_3\nup_469.wav,Unknown,Unknown
Speaker_id_3,Madag-unci u kpe je asamu ye a,data/raw\Speaker_id_3\nup_470.txt,data/raw\Speaker_id_3\nup_470.wav,Unknown,Unknown
Speaker_id_3,ki woye gan o,data/raw\Speaker_id_3\nup_471.txt,data/raw\Speaker_id_3\nup_471.wav,Unknown,Unknown
Speaker_id_3,Mita dzuko wun a wu cigban a,data/raw\Speaker_id_3\nup_472.txt,data/raw\Speaker_id_3\nup_472.wav,Unknown,Unknown
Speaker_id_3,Nukpanyi guba a lamitu dozi banza a,data/raw\Speaker_id_3\nup_473.txt,data/raw\Speaker_id_3\nup_473.wav,Unknown,Unknown
Speaker_id_3,Cigban ndoci gi emi tacin nya nda mi bo u ga kun finni de bo wun a kun lo wun a kun zi mi bo a,data/raw\Speaker_id_3\nup_474.txt,data/raw\Speaker_id_3\nup_474.wav,Unknown,Unknown
Speaker_id_3,Nda mi de fitila nini u ga la na da u yize kpata le ba ye,data/raw\Speaker_id_3\nup_475.txt,data/raw\Speaker_id_3\nup_475.wav,Unknown,Unknown
Speaker_id_3,Cikara de wo ga ya,data/raw\Speaker_id_3\nup_476.txt,data/raw\Speaker_id_3\nup_476.wav,Unknown,Unknown
Speaker_id_3,Mafwoci Keni u cin naka a cintara u cin o,data/raw\Speaker_id_3\nup_477.txt,data/raw\Speaker_id_3\nup_477.wav,Unknown,Unknown
Speaker_id_3,Pegi degi acin sokogunci wo gbata ku o,data/raw\Speaker_id_3\nup_478.txt,data/raw\Speaker_id_3\nup_478.wav,Unknown,Unknown
Speaker_id_3,A ga epo selu eti fe uu kparo,data/raw\Speaker_id_3\nup_479.txt,data/raw\Speaker_id_3\nup_479.wav,Unknown,Unknown
Speaker_id_3,Bagi na de sena a na wun a tu je ye a,data/raw\Speaker_id_3\nup_480.txt,data/raw\Speaker_id_3\nup_480.wav,Unknown,Unknown
Speaker_id_3,Fo na eza fa wo wangi na wun a gun yele u fo ga a,data/raw\Speaker_id_3\nup_481.txt,data/raw\Speaker_id_3\nup_481.wav,Unknown,Unknown
Speaker_id_3,babo zhikpa dan o?,data/raw\Speaker_id_3\nup_482.txt,data/raw\Speaker_id_3\nup_482.wav,Unknown,Unknown
Speaker_id_3,mrs humphries fe kpe namba u nan wanla edebawun na,data/raw\Speaker_id_3\nup_483.txt,data/raw\Speaker_id_3\nup_483.wav,Unknown,Unknown
Speaker_id_3,ke engichi lazhi na fa Pam? Daisy fegan be etsan kuma wunjin lura gan Pan fe tigi,data/raw\Speaker_id_3\nup_484.txt,data/raw\Speaker_id_3\nup_484.wav,Unknown,Unknown
Speaker_id_3,Pam fe go wankashi ndochi be,data/raw\Speaker_id_3\nup_485.txt,data/raw\Speaker_id_3\nup_485.wav,Unknown,Unknown
Speaker_id_3,zuman efo guta Daisy fe dey yiyi wayafe,data/raw\Speaker_id_3\nup_486.txt,data/raw\Speaker_id_3\nup_486.wav,Unknown,Unknown
Speaker_id_3,mr Ranjee wo leye gan wa manmi camcorder yanwe efo guba?,data/raw\Speaker_id_3\nup_487.txt,data/raw\Speaker_id_3\nup_487.wav,Unknown,Unknown
Speaker_id_3,lokachi yeshi wunchi  ezazhi dokun nakena,data/raw\Speaker_id_3\nup_488.txt,data/raw\Speaker_id_3\nup_488.wav,Unknown,Unknown
Speaker_id_3,kamin nna Eba payin Pam fekpe achin kuma wunfe zhe be fushi,data/raw\Speaker_id_3\nup_489.txt,data/raw\Speaker_id_3\nup_489.wav,Unknown,Unknown
Speaker_id_3,achin wun fe loba Daisy ke wen wa dunya na,data/raw\Speaker_id_3\nup_490.txt,data/raw\Speaker_id_3\nup_490.wav,Unknown,Unknown
Speaker_id_3,wunla taba jin anfanni be credit card  na wunga shi ewo ko takadazhi na ebo na wen sudan wande dokun ke yan kadara a,data/raw\Speaker_id_3\nup_491.txt,data/raw\Speaker_id_3\nup_491.wav,Unknown,Unknown
Speaker_id_3,wunfe chibaleza amma ade zandondo na tsobu shago na wunmanfe zheban ga gba takada,data/raw\Speaker_id_3\nup_492.txt,data/raw\Speaker_id_3\nup_492.wav,Unknown,Unknown
Speaker_id_3,Dabe yi baza wun jin dabe yi suwun a.,data/raw\Speaker_id_3\nup_493.txt,data/raw\Speaker_id_3\nup_493.wav,Unknown,Unknown
Speaker_id_3,"Enyana nusa shi kinbo e leye na, ka dzakangi ga a gunta 8 toh pati o, wun a le u ye a.",data/raw\Speaker_id_3\nup_494.txt,data/raw\Speaker_id_3\nup_494.wav,Unknown,Unknown
Speaker_id_3,Kube lazhin wun e man yegun koto a.,data/raw\Speaker_id_3\nup_495.txt,data/raw\Speaker_id_3\nup_495.wav,Unknown,Unknown
Speaker_id_3,"Wuryagi le Rakun ye e gi ekan, wun a eyewu gan enyana dashin na o.",data/raw\Speaker_id_3\nup_496.txt,data/raw\Speaker_id_3\nup_496.wav,Unknown,Unknown
Speaker_id_3,Eh la ekun so gushe gbaci a.,data/raw\Speaker_id_3\nup_497.txt,data/raw\Speaker_id_3\nup_497.wav,Unknown,Unknown
Speaker_id_3,"Gunci u ga dinye man, ele ci eku o.",data/raw\Speaker_id_3\nup_498.txt,data/raw\Speaker_id_3\nup_498.wav,Unknown,Unknown
Speaker_id_3,Enizhin lokpa wun e la eni man a.,data/raw\Speaker_id_3\nup_499.txt,data/raw\Speaker_id_3\nup_499.wav,Unknown,Unknown
Speaker_id_3,"Ebo zanbu kpyarya o, wunga la aci e lu eni tsanya o.",data/raw\Speaker_id_3\nup_500.txt,data/raw\Speaker_id_3\nup_500.wav,Unknown,Unknown
Speaker_id_3,"Kendo woga ta zongun wo e na, acinga a le tabo o.",data/raw\Speaker_id_3\nup_501.txt,data/raw\Speaker_id_3\nup_501.wav,Unknown,Unknown
Speaker_id_3,"Eyi na fi nagan(kpalaba) o na, eye Bishe le u ye le, wun a ye gi ya wun a.",data/raw\Speaker_id_3\nup_502.txt,data/raw\Speaker_id_3\nup_502.wav,Unknown,Unknown
Speaker_id_3,"Ade ga ce takun lo efin, kintsa wun a zhin o.",data/raw\Speaker_id_3\nup_503.txt,data/raw\Speaker_id_3\nup_503.wav,Unknown,Unknown
Speaker_id_3,Gan a go gayi cigbe man gan o.,data/raw\Speaker_id_3\nup_504.txt,data/raw\Speaker_id_3\nup_504.wav,Unknown,Unknown
Speaker_id_3,"Woga gangan aga gba o man, wotso ga dzodzo nikin man.",data/raw\Speaker_id_3\nup_505.txt,data/raw\Speaker_id_3\nup_505.wav,Unknown,Unknown
Speaker_id_3,"Cika lele zo ele nyi san, wona ga a san u na ga be wawa. 9",data/raw\Speaker_id_3\nup_506.txt,data/raw\Speaker_id_3\nup_506.wav,Unknown,Unknown
Speaker_id_3,"Ala man gungwagi a na, zh ila eje gun Nna wun o?",data/raw\Speaker_id_3\nup_507.txt,data/raw\Speaker_id_3\nup_507.wav,Unknown,Unknown
Speaker_id_3,"Eye bo egan dan o, anma misun tsa u ba ci e go yesan o.",data/raw\Speaker_id_3\nup_508.txt,data/raw\Speaker_id_3\nup_508.wav,Unknown,Unknown
Speaker_id_3,Kata tso ga kpe bana kata u wun e lule na o.,data/raw\Speaker_id_3\nup_509.txt,data/raw\Speaker_id_3\nup_509.wav,Unknown,Unknown
Speaker_id_3,"Woga gangan tsukun kara wo a fin emin a, woman ga kara wo e wo binbiri.",data/raw\Speaker_id_3\nup_510.txt,data/raw\Speaker_id_3\nup_510.wav,Unknown,Unknown
Speaker_id_3,"Wo kun karabata, wo gan wo a san koroboto o.",data/raw\Speaker_id_3\nup_511.txt,data/raw\Speaker_id_3\nup_511.wav,Unknown,Unknown
Speaker_id_3,"Egi na a kpan dan zuman Nna u bo ci e gbin nuwan tu na, egi wuncin ci e gan Nna u gan wun e pa yikan bici na, ngba! Ki Nna u wun a pa bici dan o na?",data/raw\Speaker_id_3\nup_512.txt,data/raw\Speaker_id_3\nup_512.wav,Unknown,Unknown
Speaker_id_3,"Kakanti dokun, anma naga ba Gulu na ga wun e yata o.",data/raw\Speaker_id_3\nup_513.txt,data/raw\Speaker_id_3\nup_513.wav,Unknown,Unknown
Speaker_id_3,"Gba gudu ka Elu, Elu ga tunbo wun a gogan.",data/raw\Speaker_id_3\nup_514.txt,data/raw\Speaker_id_3\nup_514.wav,Unknown,Unknown
Speaker_id_3,"Mana gukin Soko jin Bukya o, wunci mangi a tu Soko da u kara o.",data/raw\Speaker_id_3\nup_515.txt,data/raw\Speaker_id_3\nup_515.wav,Unknown,Unknown
Speaker_id_3,"Egwa ga e lo, egwa u fi u zhin, ebo egwa mini nakena be a gban man.",data/raw\Speaker_id_3\nup_516.txt,data/raw\Speaker_id_3\nup_516.wav,Unknown,Unknown
Speaker_id_3,"Cingini e ba Kunsa nyi pa, emin Nda u man go donci a.",data/raw\Speaker_id_3\nup_517.txt,data/raw\Speaker_id_3\nup_517.wav,Unknown,Unknown
Speaker_id_3,Dada lo dzuko wun jin ebo elegi bo a.,data/raw\Speaker_id_3\nup_518.txt,data/raw\Speaker_id_3\nup_518.wav,Unknown,Unknown
Speaker_id_3,"Kagan wola lazhin wo e kpeya a, woman a la lozun dan tsanka sakun a.",data/raw\Speaker_id_3\nup_519.txt,data/raw\Speaker_id_3\nup_519.wav,Unknown,Unknown
Speaker_id_3,"Didingun din kara na, kagan wunde eza a tu a, wun a tu etitacin wuntso.",data/raw\Speaker_id_3\nup_520.txt,data/raw\Speaker_id_3\nup_520.wav,Unknown,Unknown
Speaker_id_3,"Yeko ba shampa bo a, yegi min, kpe shampa o.",data/raw\Speaker_id_3\nup_521.txt,data/raw\Speaker_id_3\nup_521.wav,Unknown,Unknown
Speaker_id_3,"Ele wu esan, munkote man e man u tsan.",data/raw\Speaker_id_3\nup_522.txt,data/raw\Speaker_id_3\nup_522.wav,Unknown,Unknown
Speaker_id_3,"Katamba ga wancin, wun a gba gudu yi a, ebona eba tsabo a ka egun wun o.",data/raw\Speaker_id_3\nup_523.txt,data/raw\Speaker_id_3\nup_523.wav,Unknown,Unknown
Speaker_id_3,"Nuwan ga wancin, wun fin titacin u.",data/raw\Speaker_id_3\nup_524.txt,data/raw\Speaker_id_3\nup_524.wav,Unknown,Unknown
Speaker_id_3,"Gbongboshe gbongboshe, takun ga a de ewun be lankpa e, agan ada nuwan ada fe efo guta, zana ebo ga man na, yi a da eyelere.",data/raw\Speaker_id_3\nup_525.txt,data/raw\Speaker_id_3\nup_525.wav,Unknown,Unknown
Speaker_id_3,"Bana Dungi ga loye da kan na, wun e kpeya gushe bo a, ebo Eshi na a bi u wan na.",data/raw\Speaker_id_3\nup_526.txt,data/raw\Speaker_id_3\nup_526.wav,Unknown,Unknown
Speaker_id_3,"Bana katamba ga wancin da kan na, eba tsabo a ka egun wun o.",data/raw\Speaker_id_3\nup_527.txt,data/raw\Speaker_id_3\nup_527.wav,Unknown,Unknown
Speaker_id_3,"Tyabi Dangi o, kacin enyana wu Bishe na dokun.",data/raw\Speaker_id_3\nup_528.txt,data/raw\Speaker_id_3\nup_528.wav,Unknown,Unknown
Speaker_id_3,"Yikan na a dzun na a dzun a ni, emin kpere wunda u tsun nyagbanwu.",data/raw\Speaker_id_3\nup_529.txt,data/raw\Speaker_id_3\nup_529.wav,Unknown,Unknown
Speaker_id_3,"Bana e tu cigbe twarya na, eh tu Kuti twarya a.",data/raw\Speaker_id_3\nup_530.txt,data/raw\Speaker_id_3\nup_530.wav,Unknown,Unknown
Speaker_id_3,Eyeda be Bishe wun kan Bishe nyi zungi a.,data/raw\Speaker_id_3\nup_531.txt,data/raw\Speaker_id_3\nup_531.wav,Unknown,Unknown
Speaker_id_3,"Aga gan wo e gan gan emin kwaru, wo gan toh Nugbe?",data/raw\Speaker_id_3\nup_532.txt,data/raw\Speaker_id_3\nup_532.wav,Unknown,Unknown
Speaker_id_3,"Ena cinkara ewo dzufan, kagan wo wa wun a, wuntso a wa eti u ya.",data/raw\Speaker_id_3\nup_533.txt,data/raw\Speaker_id_3\nup_533.wav,Unknown,Unknown
Speaker_id_3,Soko kpe gan ewunci a zhewun a.,data/raw\Speaker_id_3\nup_534.txt,data/raw\Speaker_id_3\nup_534.wav,Unknown,Unknown
Speaker_id_3,"Aga la o min kpadza, wo wan emin o dan.",data/raw\Speaker_id_3\nup_535.txt,data/raw\Speaker_id_3\nup_535.wav,Unknown,Unknown
Speaker_id_3,Egwa man bo Kanagi e loye dan o....,data/raw\Speaker_id_3\nup_536.txt,data/raw\Speaker_id_3\nup_536.wav,Unknown,Unknown
Speaker_id_3,"Edzun na ta ena o na, Soko tsa kpe zana a de eje u gi na o.",data/raw\Speaker_id_3\nup_537.txt,data/raw\Speaker_id_3\nup_537.wav,Unknown,Unknown
Speaker_id_3,"Egan nya emin, wun e fu kara a, katamba tsa wun e da tinya o.",data/raw\Speaker_id_3\nup_538.txt,data/raw\Speaker_id_3\nup_538.wav,Unknown,Unknown
Speaker_id_3,"Yigbeci go emin shi gan Gara a yeko nyi, wuntso na la ezhina sukun?",data/raw\Speaker_id_3\nup_539.txt,data/raw\Speaker_id_3\nup_539.wav,Unknown,Unknown
Speaker_id_3,"Efe ga wo egwa, wun a wa nyagban.",data/raw\Speaker_id_3\nup_540.txt,data/raw\Speaker_id_3\nup_540.wav,Unknown,Unknown
Speaker_id_3,"Ebotanci a tsu efo Sowunko e, agan afe a la enyana a la nyi a na.",data/raw\Speaker_id_3\nup_541.txt,data/raw\Speaker_id_3\nup_541.wav,Unknown,Unknown
Speaker_id_3,"Enyana be eti pata na, wun a zhin eti kongo.",data/raw\Speaker_id_3\nup_542.txt,data/raw\Speaker_id_3\nup_542.wav,Unknown,Unknown
Speaker_id_3,"Emangi ga a gi, wun e taya tukpa.",data/raw\Speaker_id_3\nup_543.txt,data/raw\Speaker_id_3\nup_543.wav,Unknown,Unknown
Speaker_id_3,"Egi naga gangan Nna u wun a lele a na, ka wuntso man a ta yigbe a.",data/raw\Speaker_id_3\nup_544.txt,data/raw\Speaker_id_3\nup_544.wav,Unknown,Unknown
Speaker_id_3,"Wo a tsun nanshi lo emin Soko-gunci, wo a da tsun u tsun shibo be nanshi u nyi.",data/raw\Speaker_id_3\nup_545.txt,data/raw\Speaker_id_3\nup_545.wav,Unknown,Unknown
Speaker_id_3,"Gbogirigbogamungamun, nyatsugi ga gbo misun o wun gbo egwa o.",data/raw\Speaker_id_3\nup_546.txt,data/raw\Speaker_id_3\nup_546.wav,Unknown,Unknown
Speaker_id_3,"Kagan wun yi ebo kamin shi babo a, zana gogan a ni na wun e ye tso be a.",data/raw\Speaker_id_3\nup_547.txt,data/raw\Speaker_id_3\nup_547.wav,Unknown,Unknown
Speaker_id_3,"Kagan shampa kpemin a, yakungbara e lo gun bo a.",data/raw\Speaker_id_3\nup_548.txt,data/raw\Speaker_id_3\nup_548.wav,Unknown,Unknown
Speaker_id_3,"Eye shi na, yeko bici a, anma zana ga a da u na, wun a mansha.",data/raw\Speaker_id_3\nup_549.txt,data/raw\Speaker_id_3\nup_549.wav,Unknown,Unknown
Speaker_id_3,"Ah egan ezazhi lugwa, kpekpe da lotun.",data/raw\Speaker_id_3\nup_550.txt,data/raw\Speaker_id_3\nup_550.wav,Unknown,Unknown
Speaker_id_3,Enya na lo gushe na ga gangan dugba u ku wun u be o.,data/raw\Speaker_id_3\nup_551.txt,data/raw\Speaker_id_3\nup_551.wav,Unknown,Unknown
Speaker_id_3,"Ekpan gade eshena foeni, wun gan ala eje gi a gan.",data/raw\Speaker_id_3\nup_552.txt,data/raw\Speaker_id_3\nup_552.wav,Unknown,Unknown
Speaker_id_3,"Eh la sanmin lo kun nyi a, kendo wo a la u lona ga wo a la u zhin o.",data/raw\Speaker_id_3\nup_553.txt,data/raw\Speaker_id_3\nup_553.wav,Unknown,Unknown
Speaker_id_3,"Egwa wo e ga wunkpa, zandondo u la wun gan eje emin u.",data/raw\Speaker_id_3\nup_554.txt,data/raw\Speaker_id_3\nup_554.wav,Unknown,Unknown
Speaker_id_3,Eye bo Lukongi e kpe takun ceci ye o.,data/raw\Speaker_id_3\nup_555.txt,data/raw\Speaker_id_3\nup_555.wav,Unknown,Unknown
Speaker_id_3,Ko tsaka ko bolo ebo eti o bo.,data/raw\Speaker_id_3\nup_556.txt,data/raw\Speaker_id_3\nup_556.wav,Unknown,Unknown
Speaker_id_3,"Yigbeci a zhewun dan edo o, wungan eyi na a pa na gbo a.",data/raw\Speaker_id_3\nup_557.txt,data/raw\Speaker_id_3\nup_557.wav,Unknown,Unknown
Speaker_id_3,"Soko ga kpa tankpolo be ezhi lo e, wun a de kara zana wun a fu dan na.",data/raw\Speaker_id_3\nup_558.txt,data/raw\Speaker_id_3\nup_558.wav,Unknown,Unknown
Speaker_id_3,"Eza ga e sa cigban, wunfe u cin emin egba u le.",data/raw\Speaker_id_3\nup_559.txt,data/raw\Speaker_id_3\nup_559.wav,Unknown,Unknown
Speaker_id_3,"Evo ga a la, Nupencizhi gan; sangbara a da emin.",data/raw\Speaker_id_3\nup_560.txt,data/raw\Speaker_id_3\nup_560.wav,Unknown,Unknown
Speaker_id_3,Nuwan fu be tsun ege tsun.,data/raw\Speaker_id_3\nup_561.txt,data/raw\Speaker_id_3\nup_561.wav,Unknown,Unknown
Speaker_id_3,"Woga jin eza gun, wo jin etitacin o gun.",data/raw\Speaker_id_3\nup_562.txt,data/raw\Speaker_id_3\nup_562.wav,Unknown,Unknown
Speaker_id_3,Ekpolaci u ga manin man,data/raw\Speaker_id_3\nup_563.txt,data/raw\Speaker_id_3\nup_563.wav,Unknown,Unknown
Speaker_id_3,"Sokun nini ga liya, wun e kan nakena eba fin a.",data/raw\Speaker_id_3\nup_564.txt,data/raw\Speaker_id_3\nup_564.wav,Unknown,Unknown
Speaker_id_3,"Bana ele ga du dakan na, kin nyi e la nyi u fin",data/raw\Speaker_id_3\nup_565.txt,data/raw\Speaker_id_3\nup_565.wav,Unknown,Unknown
Speaker_id_3,"Ezhi na ewo a lo na, ewo gayi nimpa wun o.",data/raw\Speaker_id_3\nup_566.txt,data/raw\Speaker_id_3\nup_566.wav,Unknown,Unknown
Speaker_id_3,Efe a du eto du wun a mun eto gbere a.,data/raw\Speaker_id_3\nup_567.txt,data/raw\Speaker_id_3\nup_567.wav,Unknown,Unknown
Speaker_id_3,"Wo kpe yina na, wo kpe esun?",data/raw\Speaker_id_3\nup_568.txt,data/raw\Speaker_id_3\nup_568.wav,Unknown,Unknown
Speaker_id_3,Ede na Gyaman ga leye na wun e san o.,data/raw\Speaker_id_3\nup_569.txt,data/raw\Speaker_id_3\nup_569.wav,Unknown,Unknown
Speaker_id_3,"Baraka be Doko be, zando e tu wun a.",data/raw\Speaker_id_3\nup_570.txt,data/raw\Speaker_id_3\nup_570.wav,Unknown,Unknown
Speaker_id_3,"Nanko ga a ya, agan ah wa wun a za toh ega bishe o.",data/raw\Speaker_id_3\nup_571.txt,data/raw\Speaker_id_3\nup_571.wav,Unknown,Unknown
Speaker_id_3,"Eye ga e tigi, eye u fe u leba ye",data/raw\Speaker_id_3\nup_572.txt,data/raw\Speaker_id_3\nup_572.wav,Unknown,Unknown
Speaker_id_3,Nyagbanwu ga gba nuwan yipa o ci gan a to yeko a benyi o.,data/raw\Speaker_id_3\nup_573.txt,data/raw\Speaker_id_3\nup_573.wav,Unknown,Unknown
Speaker_id_3,"Fikin-fikin wolima kando o, egi dan egwa Nna e ko.",data/raw\Speaker_id_3\nup_574.txt,data/raw\Speaker_id_3\nup_574.wav,Unknown,Unknown
Speaker_id_3,Foci yakungbara lo nuwan a ni o? ci gan wun a zhe Kasa o.,data/raw\Speaker_id_3\nup_575.txt,data/raw\Speaker_id_3\nup_575.wav,Unknown,Unknown
Speaker_id_3,Eko a kperi be epin i.,data/raw\Speaker_id_3\nup_576.txt,data/raw\Speaker_id_3\nup_576.wav,Unknown,Unknown
Speaker_id_3,"Leba le wanwan, eza de a leba wun go eti gan a.",data/raw\Speaker_id_3\nup_577.txt,data/raw\Speaker_id_3\nup_577.wav,Unknown,Unknown
Speaker_id_3,"Zana ga gangan wun a ka pati vundunu na, zunzunya yi nya egwatso.",data/raw\Speaker_id_3\nup_578.txt,data/raw\Speaker_id_3\nup_578.wav,Unknown,Unknown
Speaker_id_3,Eye ega gbogbo wun e la u le eba ye a.,data/raw\Speaker_id_3\nup_579.txt,data/raw\Speaker_id_3\nup_579.wav,Unknown,Unknown
Speaker_id_3,"Yeko nini da gandan dzuko bo, anma guba wun da tinya o.",data/raw\Speaker_id_3\nup_580.txt,data/raw\Speaker_id_3\nup_580.wav,Unknown,Unknown
Speaker_id_3,Min a lo dagunzhi zana a be a na.,data/raw\Speaker_id_3\nup_581.txt,data/raw\Speaker_id_3\nup_581.wav,Unknown,Unknown
Speaker_id_3,"Eshigi e wa enya na wun a wan na, be eye Shigi ga Dagba man lo ego e lo ooo na o.",data/raw\Speaker_id_3\nup_583.txt,data/raw\Speaker_id_3\nup_583.wav,Unknown,Unknown
Speaker_id_3,"Epa na a pa donci na, ga dzodzo u pa dukun man, woga dzodzo ci u pa dukun, dukun ga laya banza.",data/raw\Speaker_id_3\nup_584.txt,data/raw\Speaker_id_3\nup_584.wav,Unknown,Unknown
Speaker_id_3,"Eka edin ga kun, edin ga shi zhiko kpiri.",data/raw\Speaker_id_3\nup_585.txt,data/raw\Speaker_id_3\nup_585.wav,Unknown,Unknown
Speaker_id_3,"Jika kansana wun e din gbaro a, sayi enya ga fibo.",data/raw\Speaker_id_3\nup_586.txt,data/raw\Speaker_id_3\nup_586.wav,Unknown,Unknown
Speaker_id_3,Kpata kpe gan eye e ya a.,data/raw\Speaker_id_3\nup_588.txt,data/raw\Speaker_id_3\nup_588.wav,Unknown,Unknown
Speaker_id_3,"Kabo Ndace wu ena be a, na wun wu le na sukun?",data/raw\Speaker_id_3\nup_589.txt,data/raw\Speaker_id_3\nup_589.wav,Unknown,Unknown
Speaker_id_3,Wo a Dangi wan kun ci go ewo a shi Gyaman.,data/raw\Speaker_id_3\nup_590.txt,data/raw\Speaker_id_3\nup_590.wav,Unknown,Unknown
Speaker_id_3,"Egbe eti kata, wunga e sa kata o.",data/raw\Speaker_id_3\nup_591.txt,data/raw\Speaker_id_3\nup_591.wav,Unknown,Unknown
Speaker_id_3,Wo le lenbu na lo emin ci gan wun a zhe emintso na ye.,data/raw\Speaker_id_3\nup_592.txt,data/raw\Speaker_id_3\nup_592.wav,Unknown,Unknown
Speaker_id_3,Eni dede wun e zo dukun o vanyi a.,data/raw\Speaker_id_3\nup_593.txt,data/raw\Speaker_id_3\nup_593.wav,Unknown,Unknown
Speaker_id_3,"Kula montswan, etsu o tso man e yi enya.",data/raw\Speaker_id_3\nup_594.txt,data/raw\Speaker_id_3\nup_594.wav,Unknown,Unknown
Speaker_id_3,"A 'a gwalo dan u 'pin, a 'gwapin din u ba:",data/raw\Speaker_id_3\nup_595.txt,data/raw\Speaker_id_3\nup_595.wav,Unknown,Unknown
Speaker_id_3,A ela emi woro pa fini a:,data/raw\Speaker_id_3\nup_596.txt,data/raw\Speaker_id_3\nup_596.wav,Unknown,Unknown
Speaker_id_3,A ela eyi nuba nu 'fa a:,data/raw\Speaker_id_3\nup_597.txt,data/raw\Speaker_id_3\nup_597.wav,Unknown,Unknown
Speaker_id_3,A ela kangari bisa lo kpata a:,data/raw\Speaker_id_3\nup_598.txt,data/raw\Speaker_id_3\nup_598.wav,Unknown,Unknown
Speaker_id_3,A ela putaka fi 'mi o yi gafu a:,data/raw\Speaker_id_3\nup_599.txt,data/raw\Speaker_id_3\nup_599.wav,Unknown,Unknown
Speaker_id_3,A ela Soko gun be elp nyi a:,data/raw\Speaker_id_3\nup_600.txt,data/raw\Speaker_id_3\nup_600.wav,Unknown,Unknown
Speaker_id_3,A ela 'ye tu yaka tsudo boshe a:,data/raw\Speaker_id_3\nup_601.txt,data/raw\Speaker_id_3\nup_601.wav,Unknown,Unknown
Speaker_id_3,"A ela 'bi, doko u sa waninko a:",data/raw\Speaker_id_3\nup_602.txt,data/raw\Speaker_id_3\nup_602.wav,Unknown,Unknown
Speaker_id_3,"A elo a 'mi lo na, a elo a nin lo a:",data/raw\Speaker_id_3\nup_603.txt,data/raw\Speaker_id_3\nup_603.wav,Unknown,Unknown
Speaker_id_3,A esa 'wo nini gan esun aka a:,data/raw\Speaker_id_3\nup_604.txt,data/raw\Speaker_id_3\nup_604.wav,Unknown,Unknown
Speaker_id_3,A eso 'dzo nya enya bi a:,data/raw\Speaker_id_3\nup_605.txt,data/raw\Speaker_id_3\nup_605.wav,Unknown,Unknown
Speaker_id_3,"A de gav manin a, 'nya na wu u na, wun magi:",data/raw\Speaker_id_3\nup_606.txt,data/raw\Speaker_id_3\nup_606.wav,Unknown,Unknown
Speaker_id_3,"A eta tankpolo sita, ece u yi adwani:",data/raw\Speaker_id_3\nup_607.txt,data/raw\Speaker_id_3\nup_607.wav,Unknown,Unknown
Speaker_id_3,A etobo da n kara o pa kara a:,data/raw\Speaker_id_3\nup_608.txt,data/raw\Speaker_id_3\nup_608.wav,Unknown,Unknown
Speaker_id_3,"A etobo 'nya ba gi o, kpin 'nya ma gi a:",data/raw\Speaker_id_3\nup_609.txt,data/raw\Speaker_id_3\nup_609.wav,Unknown,Unknown
Speaker_id_3,"A ga 'a 'de man sunsunci, u ga u dzu asa:",data/raw\Speaker_id_3\nup_610.txt,data/raw\Speaker_id_3\nup_610.wav,Unknown,Unknown
Speaker_id_3,"A ga 'a mi ba yisa, madan 'a mi wu a:",data/raw\Speaker_id_3\nup_611.txt,data/raw\Speaker_id_3\nup_611.wav,Unknown,Unknown
Speaker_id_3,"A ga 'a mi pa yisa, n da yisa aba a:",data/raw\Speaker_id_3\nup_612.txt,data/raw\Speaker_id_3\nup_612.wav,Unknown,Unknown
Speaker_id_3,"A de lukuku 'fia a, cin gwapa u le:",data/raw\Speaker_id_3\nup_613.txt,data/raw\Speaker_id_3\nup_613.wav,Unknown,Unknown
Speaker_id_3,"A ece gudu kace, a ma ece pati' kace, ama a ece Soko kace a:",data/raw\Speaker_id_3\nup_614.txt,data/raw\Speaker_id_3\nup_614.wav,Unknown,Unknown
Speaker_id_3,A eda eya be kanan nyi ekpa o le fiti bo a:,data/raw\Speaker_id_3\nup_615.txt,data/raw\Speaker_id_3\nup_615.wav,Unknown,Unknown
Speaker_id_3,"A edzu 'de 'n ko kuru ̂ , kuru ga agena, ke wo da 'a ku da kun o?",data/raw\Speaker_id_3\nup_616.txt,data/raw\Speaker_id_3\nup_616.wav,Unknown,Unknown
Speaker_id_3,"A egun 'na fi cigban na, a gun 'na f i 'tu be a:",data/raw\Speaker_id_3\nup_617.txt,data/raw\Speaker_id_3\nup_617.wav,Unknown,Unknown
Speaker_id_3,A ekan nawu dan â :,data/raw\Speaker_id_3\nup_618.txt,data/raw\Speaker_id_3\nup_618.wav,Unknown,Unknown
Speaker_id_3,A eku n esi nyikankpinci ya eza mi a:,data/raw\Speaker_id_3\nup_619.txt,data/raw\Speaker_id_3\nup_619.wav,Unknown,Unknown
Speaker_id_4,boye a gan,data/raw\Speaker_id_4\nup_620.txt,data/raw\Speaker_id_4\nup_620.wav,Unknown,Unknown
Speaker_id_4,woye gan ya mi gan rayi mi dan hatsari o,data/raw\Speaker_id_4\nup_621.txt,data/raw\Speaker_id_4\nup_621.wav,Unknown,Unknown
Speaker_id_4,lokachi a tun na wa da lele nan,data/raw\Speaker_id_4\nup_622.txt,data/raw\Speaker_id_4\nup_622.wav,Unknown,Unknown
Speaker_id_4,miya fe da gbani,data/raw\Speaker_id_4\nup_623.txt,data/raw\Speaker_id_4\nup_623.wav,Unknown,Unknown
Speaker_id_4,miya fe da gbani,data/raw\Speaker_id_4\nup_624.txt,data/raw\Speaker_id_4\nup_624.wav,Unknown,Unknown
Speaker_id_4,miya fe da gbani,data/raw\Speaker_id_4\nup_625.txt,data/raw\Speaker_id_4\nup_625.wav,Unknown,Unknown
Speaker_id_4,lo ga san mary,data/raw\Speaker_id_4\nup_626.txt,data/raw\Speaker_id_4\nup_626.wav,Unknown,Unknown
Speaker_id_4,min kpanye gan Mary a be tsotso a,data/raw\Speaker_id_4\nup_627.txt,data/raw\Speaker_id_4\nup_627.wav,Unknown,Unknown
Speaker_id_4,minwa ndondo a,data/raw\Speaker_id_4\nup_628.txt,data/raw\Speaker_id_4\nup_628.wav,Unknown,Unknown
Speaker_id_4,min ye wa sugar guta madara mi bo,data/raw\Speaker_id_4\nup_629.txt,data/raw\Speaker_id_4\nup_629.wav,Unknown,Unknown
Speaker_id_4,wunga tinya tsotso,data/raw\Speaker_id_4\nup_630.txt,data/raw\Speaker_id_4\nup_630.wav,Unknown,Unknown
Speaker_id_4,yeshi yi danbo,data/raw\Speaker_id_4\nup_631.txt,data/raw\Speaker_id_4\nup_631.wav,Unknown,Unknown
Speaker_id_4,babo nuwan fu ba dan o?,data/raw\Speaker_id_4\nup_632.txt,data/raw\Speaker_id_4\nup_632.wav,Unknown,Unknown
Speaker_id_4,mi la jin shawura to ghania,data/raw\Speaker_id_4\nup_633.txt,data/raw\Speaker_id_4\nup_633.wav,Unknown,Unknown
Speaker_id_4,ena woga dzona ga wa nua,data/raw\Speaker_id_4\nup_634.txt,data/raw\Speaker_id_4\nup_634.wav,Unknown,Unknown
Speaker_id_4,mike be etun kpinzhi tsuwoa,data/raw\Speaker_id_4\nup_635.txt,data/raw\Speaker_id_4\nup_635.wav,Unknown,Unknown
Speaker_id_4,mike wa mr ogaki lo nan man gayi principal yiwo nan,data/raw\Speaker_id_4\nup_636.txt,data/raw\Speaker_id_4\nup_636.wav,Unknown,Unknown
Speaker_id_4,mike a jin eyan dozhinchya,data/raw\Speaker_id_4\nup_637.txt,data/raw\Speaker_id_4\nup_637.wav,Unknown,Unknown
Speaker_id_4,wan gun eya guta ni nan bob chya sanaa nan,data/raw\Speaker_id_4\nup_638.txt,data/raw\Speaker_id_4\nup_638.wav,Unknown,Unknown
Speaker_id_4,Musa in ge yimi yon,data/raw\Speaker_id_4\nup_639.txt,data/raw\Speaker_id_4\nup_639.wav,Unknown,Unknown
Speaker_id_4,Babo wo fe byo?,data/raw\Speaker_id_4\nup_640.txt,data/raw\Speaker_id_4\nup_640.wav,Unknown,Unknown
Speaker_id_4,ki wo ye gyi o?,data/raw\Speaker_id_4\nup_641.txt,data/raw\Speaker_id_4\nup_641.wav,Unknown,Unknown
Speaker_id_4,Za gukin ye yo?,data/raw\Speaker_id_4\nup_642.txt,data/raw\Speaker_id_4\nup_642.wav,Unknown,Unknown
Speaker_id_4,mide gbako ewan ya etwa guta,data/raw\Speaker_id_4\nup_643.txt,data/raw\Speaker_id_4\nup_643.wav,Unknown,Unknown
Speaker_id_4,miye wa we,data/raw\Speaker_id_4\nup_644.txt,data/raw\Speaker_id_4\nup_644.wav,Unknown,Unknown
Speaker_id_4,ki wo ye wan giyo?,data/raw\Speaker_id_4\nup_645.txt,data/raw\Speaker_id_4\nup_645.wav,Unknown,Unknown
Speaker_id_4,miye wan shi yengichi,data/raw\Speaker_id_4\nup_646.txt,data/raw\Speaker_id_4\nup_646.wav,Unknown,Unknown
Speaker_id_4,mi jin ndondo a,data/raw\Speaker_id_4\nup_647.txt,data/raw\Speaker_id_4\nup_647.wav,Unknown,Unknown
Speaker_id_4,mi ga sa jin na,data/raw\Speaker_id_4\nup_648.txt,data/raw\Speaker_id_4\nup_648.wav,Unknown,Unknown
Speaker_id_4,miye dzo yedzo,data/raw\Speaker_id_4\nup_649.txt,data/raw\Speaker_id_4\nup_649.wav,Unknown,Unknown
Speaker_id_4,yi bi lo,data/raw\Speaker_id_4\nup_650.txt,data/raw\Speaker_id_4\nup_650.wav,Unknown,Unknown
Speaker_id_4,mi yan lo a,data/raw\Speaker_id_4\nup_651.txt,data/raw\Speaker_id_4\nup_651.wav,Unknown,Unknown
Speaker_id_4,a ya gukin wo yo?,data/raw\Speaker_id_4\nup_652.txt,data/raw\Speaker_id_4\nup_652.wav,Unknown,Unknown
Speaker_id_4,nughuncin miyo,data/raw\Speaker_id_4\nup_653.txt,data/raw\Speaker_id_4\nup_653.wav,Unknown,Unknown
Speaker_id_4,wangan ge ya gaskiya,data/raw\Speaker_id_4\nup_654.txt,data/raw\Speaker_id_4\nup_654.wav,Unknown,Unknown
Speaker_id_4,miyi tetengi amma miyi nchiko,data/raw\Speaker_id_4\nup_655.txt,data/raw\Speaker_id_4\nup_655.wav,Unknown,Unknown
Speaker_id_4,zami yan kpansana,data/raw\Speaker_id_4\nup_656.txt,data/raw\Speaker_id_4\nup_656.wav,Unknown,Unknown
Speaker_id_4,mi le nini ye,data/raw\Speaker_id_4\nup_657.txt,data/raw\Speaker_id_4\nup_657.wav,Unknown,Unknown
Speaker_id_4,ne dzodzo be tankpolo na,data/raw\Speaker_id_4\nup_658.txt,data/raw\Speaker_id_4\nup_658.wav,Unknown,Unknown
Speaker_id_4,mi le ba ya,data/raw\Speaker_id_4\nup_659.txt,data/raw\Speaker_id_4\nup_659.wav,Unknown,Unknown
Speaker_id_4,in jin tadawa a,data/raw\Speaker_id_4\nup_660.txt,data/raw\Speaker_id_4\nup_660.wav,Unknown,Unknown
Speaker_id_4,na rishiwa la jin zaba chi na,data/raw\Speaker_id_4\nup_661.txt,data/raw\Speaker_id_4\nup_661.wav,Unknown,Unknown
Speaker_id_4,miya zhin gbani,data/raw\Speaker_id_4\nup_662.txt,data/raw\Speaker_id_4\nup_662.wav,Unknown,Unknown
Speaker_id_4,miya zhin gbani,data/raw\Speaker_id_4\nup_663.txt,data/raw\Speaker_id_4\nup_663.wav,Unknown,Unknown
Speaker_id_4,mi dan eko e be,data/raw\Speaker_id_4\nup_664.txt,data/raw\Speaker_id_4\nup_664.wav,Unknown,Unknown
Speaker_id_4,ke nda na ke egi na,data/raw\Speaker_id_4\nup_665.txt,data/raw\Speaker_id_4\nup_665.wav,Unknown,Unknown
Speaker_id_4,mi ga u keyan,data/raw\Speaker_id_4\nup_666.txt,data/raw\Speaker_id_4\nup_666.wav,Unknown,Unknown
Speaker_id_4,a de zana kpe na,data/raw\Speaker_id_4\nup_667.txt,data/raw\Speaker_id_4\nup_667.wav,Unknown,Unknown
Speaker_id_4,zandondo de kagbo be gbogun i,data/raw\Speaker_id_4\nup_668.txt,data/raw\Speaker_id_4\nup_668.wav,Unknown,Unknown
Speaker_id_4,wa yi malika,data/raw\Speaker_id_4\nup_669.txt,data/raw\Speaker_id_4\nup_669.wav,Unknown,Unknown
Speaker_id_4,kubetin dokun,data/raw\Speaker_id_4\nup_670.txt,data/raw\Speaker_id_4\nup_670.wav,Unknown,Unknown
Speaker_id_4,kubetin sarayin,data/raw\Speaker_id_4\nup_671.txt,data/raw\Speaker_id_4\nup_671.wav,Unknown,Unknown
Speaker_id_4,wa gun guwo be inni,data/raw\Speaker_id_4\nup_672.txt,data/raw\Speaker_id_4\nup_672.wav,Unknown,Unknown
Speaker_id_4,miya bo,data/raw\Speaker_id_4\nup_673.txt,data/raw\Speaker_id_4\nup_673.wav,Unknown,Unknown
Speaker_id_4,da woya shi tukpa mi,data/raw\Speaker_id_4\nup_674.txt,data/raw\Speaker_id_4\nup_674.wav,Unknown,Unknown
Speaker_id_4,mi na ena yan we,data/raw\Speaker_id_4\nup_675.txt,data/raw\Speaker_id_4\nup_675.wav,Unknown,Unknown
Speaker_id_4,ke nda na ke egi na,data/raw\Speaker_id_4\nup_676.txt,data/raw\Speaker_id_4\nup_676.wav,Unknown,Unknown
Speaker_id_4,ki woye gan o,data/raw\Speaker_id_4\nup_677.txt,data/raw\Speaker_id_4\nup_677.wav,Unknown,Unknown
Speaker_id_4,woye gan ya mi gan rayi mi dan hatsari o,data/raw\Speaker_id_4\nup_678.txt,data/raw\Speaker_id_4\nup_678.wav,Unknown,Unknown
Speaker_id_4,eyan ba,data/raw\Speaker_id_4\nup_679.txt,data/raw\Speaker_id_4\nup_679.wav,Unknown,Unknown
Speaker_id_4,babo zhikpa dan o?,data/raw\Speaker_id_4\nup_680.txt,data/raw\Speaker_id_4\nup_680.wav,Unknown,Unknown
Speaker_id_4,babo nuwan fu ba dan o?,data/raw\Speaker_id_4\nup_681.txt,data/raw\Speaker_id_4\nup_681.wav,Unknown,Unknown
Speaker_id_4,kiyi amfani yan technology o?,data/raw\Speaker_id_4\nup_682.txt,data/raw\Speaker_id_4\nup_682.wav,Unknown,Unknown
Speaker_id_4,wangan ge ya gaskiya,data/raw\Speaker_id_4\nup_683.txt,data/raw\Speaker_id_4\nup_683.wav,Unknown,Unknown
Speaker_id_4,ke nda na ke egi na,data/raw\Speaker_id_4\nup_684.txt,data/raw\Speaker_id_4\nup_684.wav,Unknown,Unknown
Speaker_id_4,film achya efin guba e,data/raw\Speaker_id_4\nup_685.txt,data/raw\Speaker_id_4\nup_685.wav,Unknown,Unknown
Speaker_id_4,in jin sai woga yi minya,data/raw\Speaker_id_4\nup_686.txt,data/raw\Speaker_id_4\nup_686.wav,Unknown,Unknown
Speaker_id_4,wo kin wanyo?,data/raw\Speaker_id_4\nup_687.txt,data/raw\Speaker_id_4\nup_687.wav,Unknown,Unknown
Speaker_id_4,wo gajin wo dajin yu,data/raw\Speaker_id_4\nup_688.txt,data/raw\Speaker_id_4\nup_688.wav,Unknown,Unknown
Speaker_id_4,woyi gbarufu mi ma kuku,data/raw\Speaker_id_4\nup_689.txt,data/raw\Speaker_id_4\nup_689.wav,Unknown,Unknown
Speaker_id_4,da wa gaskiya tayami,data/raw\Speaker_id_4\nup_690.txt,data/raw\Speaker_id_4\nup_690.wav,Unknown,Unknown
Speaker_id_4,wo yimi yezhi tsuwo?,data/raw\Speaker_id_4\nup_691.txt,data/raw\Speaker_id_4\nup_691.wav,Unknown,Unknown
Speaker_id_4,unjin sai wo ga wa eda a,data/raw\Speaker_id_4\nup_692.txt,data/raw\Speaker_id_4\nup_692.wav,Unknown,Unknown
Speaker_id_4,ki woye wao?,data/raw\Speaker_id_4\nup_693.txt,data/raw\Speaker_id_4\nup_693.wav,Unknown,Unknown
Speaker_id_4,wo ga finfin taba ya,data/raw\Speaker_id_4\nup_694.txt,data/raw\Speaker_id_4\nup_694.wav,Unknown,Unknown
Speaker_id_4,wo man nuwan gbin a kashi?,data/raw\Speaker_id_4\nup_695.txt,data/raw\Speaker_id_4\nup_695.wav,Unknown,Unknown
Speaker_id_4,babo woye lagan lo?,data/raw\Speaker_id_4\nup_696.txt,data/raw\Speaker_id_4\nup_696.wav,Unknown,Unknown
Speaker_id_4,wo jin dzakangi bya,data/raw\Speaker_id_4\nup_697.txt,data/raw\Speaker_id_4\nup_697.wav,Unknown,Unknown
Speaker_id_4,film achya efin guba e,data/raw\Speaker_id_4\nup_698.txt,data/raw\Speaker_id_4\nup_698.wav,Unknown,Unknown
Speaker_id_4,kami kichi woye la lele o?,data/raw\Speaker_id_4\nup_699.txt,data/raw\Speaker_id_4\nup_699.wav,Unknown,Unknown
Speaker_id_4,miya la endondo ne we wa na ya we,data/raw\Speaker_id_4\nup_700.txt,data/raw\Speaker_id_4\nup_700.wav,Unknown,Unknown
Speaker_id_4,ki wo ye wao,data/raw\Speaker_id_4\nup_701.txt,data/raw\Speaker_id_4\nup_701.wav,Unknown,Unknown
Speaker_id_4,ba wo dan na,data/raw\Speaker_id_4\nup_702.txt,data/raw\Speaker_id_4\nup_702.wav,Unknown,Unknown
Speaker_id_4,ena wajin na gayi wo ka,data/raw\Speaker_id_4\nup_703.txt,data/raw\Speaker_id_4\nup_703.wav,Unknown,Unknown
Speaker_id_4,mi leye gan woya jin wa a,data/raw\Speaker_id_4\nup_704.txt,data/raw\Speaker_id_4\nup_704.wav,Unknown,Unknown
Speaker_id_4,mikpe woga ewodechi woyo,data/raw\Speaker_id_4\nup_705.txt,data/raw\Speaker_id_4\nup_705.wav,Unknown,Unknown
Speaker_id_4,mi lyuye fondondo,data/raw\Speaker_id_4\nup_706.txt,data/raw\Speaker_id_4\nup_706.wav,Unknown,Unknown
Speaker_id_4,mansu mizhi a da,data/raw\Speaker_id_4\nup_707.txt,data/raw\Speaker_id_4\nup_707.wav,Unknown,Unknown
Speaker_id_4,woya be babon na efin twani i?,data/raw\Speaker_id_4\nup_708.txt,data/raw\Speaker_id_4\nup_708.wav,Unknown,Unknown
Speaker_id_4,gan ya mi,data/raw\Speaker_id_4\nup_709.txt,data/raw\Speaker_id_4\nup_709.wav,Unknown,Unknown
Speaker_id_4,ga sundan ma,data/raw\Speaker_id_4\nup_710.txt,data/raw\Speaker_id_4\nup_710.wav,Unknown,Unknown
Speaker_id_4,ade eba bologizhi kyoto,data/raw\Speaker_id_4\nup_711.txt,data/raw\Speaker_id_4\nup_711.wav,Unknown,Unknown
Speaker_id_4,mi che tigi,data/raw\Speaker_id_4\nup_712.txt,data/raw\Speaker_id_4\nup_712.wav,Unknown,Unknown
Speaker_id_4,miye wa kumiko leye,data/raw\Speaker_id_4\nup_713.txt,data/raw\Speaker_id_4\nup_713.wav,Unknown,Unknown
Speaker_id_4,miye wa kumiko leye,data/raw\Speaker_id_4\nup_714.txt,data/raw\Speaker_id_4\nup_714.wav,Unknown,Unknown
Speaker_id_4,mr yoshida kpe french ye saranyi,data/raw\Speaker_id_4\nup_715.txt,data/raw\Speaker_id_4\nup_715.wav,Unknown,Unknown
Speaker_id_4,kiyi tempereature?,data/raw\Speaker_id_4\nup_716.txt,data/raw\Speaker_id_4\nup_716.wav,Unknown,Unknown
Speaker_id_4,aye dan mini we,data/raw\Speaker_id_4\nup_717.txt,data/raw\Speaker_id_4\nup_717.wav,Unknown,Unknown
Speaker_id_4,chi le! mota bya ni,data/raw\Speaker_id_4\nup_718.txt,data/raw\Speaker_id_4\nup_718.wav,Unknown,Unknown
Speaker_id_4,guri woya zhe?,data/raw\Speaker_id_4\nup_719.txt,data/raw\Speaker_id_4\nup_719.wav,Unknown,Unknown
Speaker_id_4,wo gajin wo dajin yu,data/raw\Speaker_id_4\nup_720.txt,data/raw\Speaker_id_4\nup_720.wav,Unknown,Unknown
Speaker_id_4,unjin number wangi wo dya,data/raw\Speaker_id_4\nup_721.txt,data/raw\Speaker_id_4\nup_721.wav,Unknown,Unknown
Speaker_id_4,unga tinye gbani,data/raw\Speaker_id_4\nup_722.txt,data/raw\Speaker_id_4\nup_722.wav,Unknown,Unknown
Speaker_id_4,ya mi efoo,data/raw\Speaker_id_4\nup_723.txt,data/raw\Speaker_id_4\nup_723.wav,Unknown,Unknown
Speaker_id_4,nasarazhi be fi kin edo o,data/raw\Speaker_id_4\nup_724.txt,data/raw\Speaker_id_4\nup_724.wav,Unknown,Unknown
Speaker_id_4,kube lazhin zandondo,data/raw\Speaker_id_4\nup_725.txt,data/raw\Speaker_id_4\nup_725.wav,Unknown,Unknown
Speaker_id_4,yi la yakpiu be taimako,data/raw\Speaker_id_4\nup_726.txt,data/raw\Speaker_id_4\nup_726.wav,Unknown,Unknown
Speaker_id_4,miye wa fini flower a,data/raw\Speaker_id_4\nup_727.txt,data/raw\Speaker_id_4\nup_727.wav,Unknown,Unknown
Speaker_id_4,ade nawu babu ena a,data/raw\Speaker_id_4\nup_728.txt,data/raw\Speaker_id_4\nup_728.wav,Unknown,Unknown
Speaker_id_4,emi e la dinna,data/raw\Speaker_id_4\nup_729.txt,data/raw\Speaker_id_4\nup_729.wav,Unknown,Unknown
Speaker_id_4,kila wochi lo ba a ga o,data/raw\Speaker_id_4\nup_730.txt,data/raw\Speaker_id_4\nup_730.wav,Unknown,Unknown
Speaker_id_4,Mi a  fa wuru na,data/raw\Speaker_id_4\nup_731.txt,data/raw\Speaker_id_4\nup_731.wav,Unknown,Unknown
Speaker_id_4,ki woye wao?,data/raw\Speaker_id_4\nup_732.txt,data/raw\Speaker_id_4\nup_732.wav,Unknown,Unknown
Speaker_id_4,ki woye gan o,data/raw\Speaker_id_4\nup_733.txt,data/raw\Speaker_id_4\nup_733.wav,Unknown,Unknown
Speaker_id_4,we wa gi engichi,data/raw\Speaker_id_4\nup_734.txt,data/raw\Speaker_id_4\nup_734.wav,Unknown,Unknown
Speaker_id_4,ki wo jin shawara o?,data/raw\Speaker_id_4\nup_735.txt,data/raw\Speaker_id_4\nup_735.wav,Unknown,Unknown
Speaker_id_4,miya pencil mi ya,data/raw\Speaker_id_4\nup_736.txt,data/raw\Speaker_id_4\nup_736.wav,Unknown,Unknown
Speaker_id_4,bosoko ka sunna we be pencil i?,data/raw\Speaker_id_4\nup_737.txt,data/raw\Speaker_id_4\nup_737.wav,Unknown,Unknown
Speaker_id_4,wa la bus lo station,data/raw\Speaker_id_4\nup_738.txt,data/raw\Speaker_id_4\nup_738.wav,Unknown,Unknown
Speaker_id_4,dole mi zhe wogan be mi english yan o?,data/raw\Speaker_id_4\nup_739.txt,data/raw\Speaker_id_4\nup_739.wav,Unknown,Unknown
Speaker_id_4,mi dan bane chi film le nao,data/raw\Speaker_id_4\nup_740.txt,data/raw\Speaker_id_4\nup_740.wav,Unknown,Unknown
Speaker_id_4,miya lo bane chi film le na,data/raw\Speaker_id_4\nup_741.txt,data/raw\Speaker_id_4\nup_741.wav,Unknown,Unknown
Speaker_id_4,ele fe dun yina kpata,data/raw\Speaker_id_4\nup_742.txt,data/raw\Speaker_id_4\nup_742.wav,Unknown,Unknown
Speaker_id_4,wo jin dzakangi bya,data/raw\Speaker_id_4\nup_743.txt,data/raw\Speaker_id_4\nup_743.wav,Unknown,Unknown
Speaker_id_4,un be ke ele a dun yinna na,data/raw\Speaker_id_4\nup_744.txt,data/raw\Speaker_id_4\nup_744.wav,Unknown,Unknown
Speaker_id_4,babo tsoba na mya jin call nao,data/raw\Speaker_id_4\nup_745.txt,data/raw\Speaker_id_4\nup_745.wav,Unknown,Unknown
Speaker_id_4,mi ye wan gan mi lan ke gbugi a,data/raw\Speaker_id_4\nup_746.txt,data/raw\Speaker_id_4\nup_746.wav,Unknown,Unknown
Speaker_id_4,ki woga eti lulo yikan womzhi be mi yon,data/raw\Speaker_id_4\nup_747.txt,data/raw\Speaker_id_4\nup_747.wav,Unknown,Unknown
Speaker_id_4,goga wo,data/raw\Speaker_id_4\nup_748.txt,data/raw\Speaker_id_4\nup_748.wav,Unknown,Unknown
Speaker_id_4,goga wo,data/raw\Speaker_id_4\nup_749.txt,data/raw\Speaker_id_4\nup_749.wav,Unknown,Unknown
Speaker_id_4,yendodo jian ko,data/raw\Speaker_id_4\nup_750.txt,data/raw\Speaker_id_4\nup_750.wav,Unknown,Unknown
Speaker_id_4,wunchi esa fo,data/raw\Speaker_id_4\nup_751.txt,data/raw\Speaker_id_4\nup_751.wav,Unknown,Unknown
Speaker_id_4,Mr ito wu etan,data/raw\Speaker_id_4\nup_752.txt,data/raw\Speaker_id_4\nup_752.wav,Unknown,Unknown
Speaker_id_4,zandochizhi leye ke shawura dede yo na,data/raw\Speaker_id_4\nup_753.txt,data/raw\Speaker_id_4\nup_753.wav,Unknown,Unknown
Speaker_id_4,kila wochi lo office a yon?,data/raw\Speaker_id_4\nup_754.txt,data/raw\Speaker_id_4\nup_754.wav,Unknown,Unknown
Speaker_id_4,Mr wilder la email wo yami,data/raw\Speaker_id_4\nup_755.txt,data/raw\Speaker_id_4\nup_755.wav,Unknown,Unknown
Speaker_id_4,london gayi ezhi na dokun gan yizhe o na,data/raw\Speaker_id_4\nup_756.txt,data/raw\Speaker_id_4\nup_756.wav,Unknown,Unknown
Speaker_id_4,london dan mini ezhi na wanci gann dan yizheo na,data/raw\Speaker_id_4\nup_757.txt,data/raw\Speaker_id_4\nup_757.wav,Unknown,Unknown
Speaker_id_4,miye wa ba mota,data/raw\Speaker_id_4\nup_758.txt,data/raw\Speaker_id_4\nup_758.wav,Unknown,Unknown
Speaker_id_4,miye wa ba mota,data/raw\Speaker_id_4\nup_759.txt,data/raw\Speaker_id_4\nup_759.wav,Unknown,Unknown
Speaker_id_4,apple a yadan kin,data/raw\Speaker_id_4\nup_760.txt,data/raw\Speaker_id_4\nup_760.wav,Unknown,Unknown
Speaker_id_4,miye wo nagban,data/raw\Speaker_id_4\nup_761.txt,data/raw\Speaker_id_4\nup_761.wav,Unknown,Unknown
Speaker_id_4,mila lo europe lya,data/raw\Speaker_id_4\nup_762.txt,data/raw\Speaker_id_4\nup_762.wav,Unknown,Unknown
Speaker_id_4,fe woman yina,data/raw\Speaker_id_4\nup_763.txt,data/raw\Speaker_id_4\nup_763.wav,Unknown,Unknown
Speaker_id_4,wode na kpwagan nan?,data/raw\Speaker_id_4\nup_764.txt,data/raw\Speaker_id_4\nup_764.wav,Unknown,Unknown
Speaker_id_4,ki woye jin o?,data/raw\Speaker_id_4\nup_765.txt,data/raw\Speaker_id_4\nup_765.wav,Unknown,Unknown
Speaker_id_4,miga yi we miya dzugunbo,data/raw\Speaker_id_4\nup_766.txt,data/raw\Speaker_id_4\nup_766.wav,Unknown,Unknown
Speaker_id_4,miga kpekpe miga ganya we,data/raw\Speaker_id_4\nup_767.txt,data/raw\Speaker_id_4\nup_767.wav,Unknown,Unknown
Speaker_id_4,ayi woga yimi yon ki woya jion?,data/raw\Speaker_id_4\nup_768.txt,data/raw\Speaker_id_4\nup_768.wav,Unknown,Unknown
Speaker_id_4,kpemi gangan degi bosoko,data/raw\Speaker_id_4\nup_769.txt,data/raw\Speaker_id_4\nup_769.wav,Unknown,Unknown
Speaker_id_4,kpemi gangan degi bosoko,data/raw\Speaker_id_4\nup_770.txt,data/raw\Speaker_id_4\nup_770.wav,Unknown,Unknown
Speaker_id_4,kpemi gangan degi bosoko,data/raw\Speaker_id_4\nup_771.txt,data/raw\Speaker_id_4\nup_771.wav,Unknown,Unknown
Speaker_id_4,miya da gbani,data/raw\Speaker_id_4\nup_772.txt,data/raw\Speaker_id_4\nup_772.wav,Unknown,Unknown
Speaker_id_4,miya fe da gbani,data/raw\Speaker_id_4\nup_773.txt,data/raw\Speaker_id_4\nup_773.wav,Unknown,Unknown
Speaker_id_4,miya fe da gbani,data/raw\Speaker_id_4\nup_774.txt,data/raw\Speaker_id_4\nup_774.wav,Unknown,Unknown
Speaker_id_4,lugwa yiyu yujin chile,data/raw\Speaker_id_4\nup_775.txt,data/raw\Speaker_id_4\nup_775.wav,Unknown,Unknown
Speaker_id_4,wo gajin a taba fin ya,data/raw\Speaker_id_4\nup_776.txt,data/raw\Speaker_id_4\nup_776.wav,Unknown,Unknown
Speaker_id_4,lo ga san mary,data/raw\Speaker_id_4\nup_777.txt,data/raw\Speaker_id_4\nup_777.wav,Unknown,Unknown
Speaker_id_4,minwa ndondo a,data/raw\Speaker_id_4\nup_778.txt,data/raw\Speaker_id_4\nup_778.wav,Unknown,Unknown
Speaker_id_4,mi la kpe to gbania,data/raw\Speaker_id_4\nup_779.txt,data/raw\Speaker_id_4\nup_779.wav,Unknown,Unknown
Speaker_id_4,mi mani be lileye yan woyin,data/raw\Speaker_id_4\nup_780.txt,data/raw\Speaker_id_4\nup_780.wav,Unknown,Unknown
Speaker_id_4,mi la jin shawura to ghania,data/raw\Speaker_id_4\nup_781.txt,data/raw\Speaker_id_4\nup_781.wav,Unknown,Unknown
Speaker_id_4,ena woga dzona ga wa nuo,data/raw\Speaker_id_4\nup_782.txt,data/raw\Speaker_id_4\nup_782.wav,Unknown,Unknown
Speaker_id_4,ena woga dzona ga wa nua,data/raw\Speaker_id_4\nup_783.txt,data/raw\Speaker_id_4\nup_783.wav,Unknown,Unknown
Speaker_id_4,mike gayi gwani ya yiyo,data/raw\Speaker_id_4\nup_784.txt,data/raw\Speaker_id_4\nup_784.wav,Unknown,Unknown
Speaker_id_4,mike be etun kpinzhi tsuwoa,data/raw\Speaker_id_4\nup_785.txt,data/raw\Speaker_id_4\nup_785.wav,Unknown,Unknown
Speaker_id_4,abeke mike a ege fin ya ni na,data/raw\Speaker_id_4\nup_786.txt,data/raw\Speaker_id_4\nup_786.wav,Unknown,Unknown
Speaker_id_4,wo ga taba fin ya,data/raw\Speaker_id_4\nup_787.txt,data/raw\Speaker_id_4\nup_787.wav,Unknown,Unknown
Speaker_id_4,me leye gan wola mr white leye,data/raw\Speaker_id_4\nup_788.txt,data/raw\Speaker_id_4\nup_788.wav,Unknown,Unknown
Speaker_id_4,Sunna meye Hamza?,data/raw\Speaker_id_4\nup_789.txt,data/raw\Speaker_id_4\nup_789.wav,Unknown,Unknown
Speaker_id_4,ke ayi wo yo?,data/raw\Speaker_id_4\nup_790.txt,data/raw\Speaker_id_4\nup_790.wav,Unknown,Unknown
Speaker_id_4,Musa in ge yimi yon,data/raw\Speaker_id_4\nup_791.txt,data/raw\Speaker_id_4\nup_791.wav,Unknown,Unknown
Speaker_id_4,I come from Bida,data/raw\Speaker_id_4\nup_792.txt,data/raw\Speaker_id_4\nup_792.wav,Unknown,Unknown
Speaker_id_4,ki wo ye gyi o?,data/raw\Speaker_id_4\nup_793.txt,data/raw\Speaker_id_4\nup_793.wav,Unknown,Unknown
Speaker_id_4,Miye gi engichi,data/raw\Speaker_id_4\nup_794.txt,data/raw\Speaker_id_4\nup_794.wav,Unknown,Unknown
Speaker_id_4,yi dokun,data/raw\Speaker_id_4\nup_795.txt,data/raw\Speaker_id_4\nup_795.wav,Unknown,Unknown
Speaker_id_4,ye dokun?,data/raw\Speaker_id_4\nup_796.txt,data/raw\Speaker_id_4\nup_796.wav,Unknown,Unknown
Speaker_id_4,miye lele,data/raw\Speaker_id_4\nup_797.txt,data/raw\Speaker_id_4\nup_797.wav,Unknown,Unknown
Speaker_id_4,wode ewo a,data/raw\Speaker_id_4\nup_798.txt,data/raw\Speaker_id_4\nup_798.wav,Unknown,Unknown
Speaker_id_4,miye wa we saranyi,data/raw\Speaker_id_4\nup_799.txt,data/raw\Speaker_id_4\nup_799.wav,Unknown,Unknown
Speaker_id_4,ki wo ye wan shi o?,data/raw\Speaker_id_4\nup_800.txt,data/raw\Speaker_id_4\nup_800.wav,Unknown,Unknown
Speaker_id_4,miye wan shi yengichi,data/raw\Speaker_id_4\nup_801.txt,data/raw\Speaker_id_4\nup_801.wav,Unknown,Unknown
Speaker_id_4,ki woye jiyon?,data/raw\Speaker_id_4\nup_802.txt,data/raw\Speaker_id_4\nup_802.wav,Unknown,Unknown
Speaker_id_4,kami kichi woya lo?,data/raw\Speaker_id_4\nup_803.txt,data/raw\Speaker_id_4\nup_803.wav,Unknown,Unknown
Speaker_id_4,mi ga sa jin na,data/raw\Speaker_id_4\nup_804.txt,data/raw\Speaker_id_4\nup_804.wav,Unknown,Unknown
Speaker_id_4,mi yank an yan,data/raw\Speaker_id_4\nup_805.txt,data/raw\Speaker_id_4\nup_805.wav,Unknown,Unknown
Speaker_id_4,yi bi lo,data/raw\Speaker_id_4\nup_806.txt,data/raw\Speaker_id_4\nup_806.wav,Unknown,Unknown
Speaker_id_4,eye mi ye tan mi,data/raw\Speaker_id_4\nup_807.txt,data/raw\Speaker_id_4\nup_807.wav,Unknown,Unknown
Speaker_id_4,nughuncin miyo,data/raw\Speaker_id_4\nup_808.txt,data/raw\Speaker_id_4\nup_808.wav,Unknown,Unknown
Speaker_id_4,kami kichi woye la lele o?,data/raw\Speaker_id_4\nup_809.txt,data/raw\Speaker_id_4\nup_809.wav,Unknown,Unknown
Speaker_id_4,ewa ndochi zhe de samu,data/raw\Speaker_id_4\nup_810.txt,data/raw\Speaker_id_4\nup_810.wav,Unknown,Unknown
Speaker_id_4,bosoko laya mr black yami,data/raw\Speaker_id_4\nup_811.txt,data/raw\Speaker_id_4\nup_811.wav,Unknown,Unknown
Speaker_id_4,mr brown yi teacher yi,data/raw\Speaker_id_4\nup_812.txt,data/raw\Speaker_id_4\nup_812.wav,Unknown,Unknown
Speaker_id_4,mr ford gawun filin nna o,data/raw\Speaker_id_4\nup_813.txt,data/raw\Speaker_id_4\nup_813.wav,Unknown,Unknown
Speaker_id_4,wan be ke ele a du na,data/raw\Speaker_id_4\nup_814.txt,data/raw\Speaker_id_4\nup_814.wav,Unknown,Unknown
Speaker_id_4,miya mini ba nami fe wanti na,data/raw\Speaker_id_4\nup_815.txt,data/raw\Speaker_id_4\nup_815.wav,Unknown,Unknown
Speaker_id_4,lugwa miyin le passport wo ye,data/raw\Speaker_id_4\nup_816.txt,data/raw\Speaker_id_4\nup_816.wav,Unknown,Unknown
Speaker_id_4,ga gangan banza man,data/raw\Speaker_id_4\nup_817.txt,data/raw\Speaker_id_4\nup_817.wav,Unknown,Unknown
Speaker_id_4,mota jikana zhezhi kin bo,data/raw\Speaker_id_4\nup_818.txt,data/raw\Speaker_id_4\nup_818.wav,Unknown,Unknown
Speaker_id_4,tom ungan mi,data/raw\Speaker_id_4\nup_819.txt,data/raw\Speaker_id_4\nup_819.wav,Unknown,Unknown
Speaker_id_4,wode zandondo a ya lefia sai wotso,data/raw\Speaker_id_4\nup_820.txt,data/raw\Speaker_id_4\nup_820.wav,Unknown,Unknown
Speaker_id_4,tom e chin tv le kamin dondo,data/raw\Speaker_id_4\nup_821.txt,data/raw\Speaker_id_4\nup_821.wav,Unknown,Unknown
Speaker_id_4,Eluko lo gba elugi abici,data/raw\Speaker_id_4\nup_822.txt,data/raw\Speaker_id_4\nup_822.wav,Unknown,Unknown
Speaker_id_4,Ajin a mu cigbe a gintara bata ?,data/raw\Speaker_id_4\nup_823.txt,data/raw\Speaker_id_4\nup_823.wav,Unknown,Unknown
Speaker_id_4,Eza fe doko ti o,data/raw\Speaker_id_4\nup_824.txt,data/raw\Speaker_id_4\nup_824.wav,Unknown,Unknown
Speaker_id_4,La n gasun wuncin ge ga la n bata,data/raw\Speaker_id_4\nup_825.txt,data/raw\Speaker_id_4\nup_825.wav,Unknown,Unknown
Speaker_id_4,Dinni kpako efu nini,data/raw\Speaker_id_4\nup_826.txt,data/raw\Speaker_id_4\nup_826.wav,Unknown,Unknown
Speaker_id_4,Etsu kpako dangi nini,data/raw\Speaker_id_4\nup_827.txt,data/raw\Speaker_id_4\nup_827.wav,Unknown,Unknown
Speaker_id_4,Elu kukii u la tsnkun a,data/raw\Speaker_id_4\nup_828.txt,data/raw\Speaker_id_4\nup_828.wav,Unknown,Unknown
Speaker_id_4,A ma gi dedea la ya makundunnu a,data/raw\Speaker_id_4\nup_829.txt,data/raw\Speaker_id_4\nup_829.wav,Unknown,Unknown
Speaker_id_4,Etun wun ga ela eza wangi ga gwa o,data/raw\Speaker_id_4\nup_830.txt,data/raw\Speaker_id_4\nup_830.wav,Unknown,Unknown
Speaker_id_4,yi leye gan shawora yan we wan ye jin a,data/raw\Speaker_id_4\nup_831.txt,data/raw\Speaker_id_4\nup_831.wav,Unknown,Unknown
Speaker_id_4,Kendo na cecengi yi na,data/raw\Speaker_id_4\nup_832.txt,data/raw\Speaker_id_4\nup_832.wav,Unknown,Unknown
Speaker_id_4,Kaga egi tigi a a la u?,data/raw\Speaker_id_4\nup_833.txt,data/raw\Speaker_id_4\nup_833.wav,Unknown,Unknown
Speaker_id_4,Gbako nusa bo a tun nyasa o,data/raw\Speaker_id_4\nup_834.txt,data/raw\Speaker_id_4\nup_834.wav,Unknown,Unknown
Speaker_id_4,Dini gba ka ?,data/raw\Speaker_id_4\nup_835.txt,data/raw\Speaker_id_4\nup_835.wav,Unknown,Unknown
Speaker_id_4,Eza tipachi u woma yizhe a,data/raw\Speaker_id_4\nup_836.txt,data/raw\Speaker_id_4\nup_836.wav,Unknown,Unknown
Speaker_id_4,Giama ga anikin zunye asun Soko,data/raw\Speaker_id_4\nup_837.txt,data/raw\Speaker_id_4\nup_837.wav,Unknown,Unknown
Speaker_id_4,Chigban na ma na na u ko a,data/raw\Speaker_id_4\nup_838.txt,data/raw\Speaker_id_4\nup_838.wav,Unknown,Unknown
Speaker_id_4,Gasikiyagwa ga ko,data/raw\Speaker_id_4\nup_839.txt,data/raw\Speaker_id_4\nup_839.wav,Unknown,Unknown
Speaker_id_4,La n gasun wunchin ge ga la n bata,data/raw\Speaker_id_4\nup_840.txt,data/raw\Speaker_id_4\nup_840.wav,Unknown,Unknown
Speaker_id_4,Tukpa pa u lugwa tukpa atsu a,data/raw\Speaker_id_4\nup_841.txt,data/raw\Speaker_id_4\nup_841.wav,Unknown,Unknown
Speaker_id_4,jin sanni,data/raw\Speaker_id_4\nup_842.txt,data/raw\Speaker_id_4\nup_842.wav,Unknown,Unknown
Speaker_id_4,ki wo ye wao,data/raw\Speaker_id_4\nup_843.txt,data/raw\Speaker_id_4\nup_843.wav,Unknown,Unknown
Speaker_id_4,Dagba ga a tsun ce dagba ga a go won o,data/raw\Speaker_id_4\nup_844.txt,data/raw\Speaker_id_4\nup_844.wav,Unknown,Unknown
Speaker_id_4,Dinni kpako efu nini,data/raw\Speaker_id_4\nup_845.txt,data/raw\Speaker_id_4\nup_845.wav,Unknown,Unknown
Speaker_id_4,Etsu kpako dangi nini,data/raw\Speaker_id_4\nup_846.txt,data/raw\Speaker_id_4\nup_846.wav,Unknown,Unknown
Speaker_id_4,Tsutsu go nusa nyi u go dzakangi nyi a,data/raw\Speaker_id_4\nup_847.txt,data/raw\Speaker_id_4\nup_847.wav,Unknown,Unknown
Speaker_id_4,Dzakangi ga da bo wun a be aze nusa,data/raw\Speaker_id_4\nup_848.txt,data/raw\Speaker_id_4\nup_848.wav,Unknown,Unknown
Speaker_id_4,gaskiya mrs humphries?amma eba woga yi asali nda yan lorna,data/raw\Speaker_id_4\nup_849.txt,data/raw\Speaker_id_4\nup_849.wav,Unknown,Unknown
Speaker_id_4,yila daro lata bo,data/raw\Speaker_id_4\nup_850.txt,data/raw\Speaker_id_4\nup_850.wav,Unknown,Unknown
Speaker_id_4,to gbani killa wa cha dagan chyaba bwayon?,data/raw\Speaker_id_4\nup_851.txt,data/raw\Speaker_id_4\nup_851.wav,Unknown,Unknown
Speaker_id_4,chile wunga wodanyan ena wanjin na gayi wo yi yandoka o,data/raw\Speaker_id_4\nup_852.txt,data/raw\Speaker_id_4\nup_852.wav,Unknown,Unknown
Speaker_id_4,gbani yendondo yi shiru be,data/raw\Speaker_id_4\nup_853.txt,data/raw\Speaker_id_4\nup_853.wav,Unknown,Unknown
Speaker_id_4,mi leye gan woya jin wa a,data/raw\Speaker_id_4\nup_854.txt,data/raw\Speaker_id_4\nup_854.wav,Unknown,Unknown
Speaker_id_4,zandochi fe so lo emi,data/raw\Speaker_id_4\nup_855.txt,data/raw\Speaker_id_4\nup_855.wav,Unknown,Unknown
Speaker_id_4,be karayin zagubaba ye,data/raw\Speaker_id_4\nup_856.txt,data/raw\Speaker_id_4\nup_856.wav,Unknown,Unknown
Speaker_id_4,Daisy fe ba ena fi nanbu bona,data/raw\Speaker_id_4\nup_857.txt,data/raw\Speaker_id_4\nup_857.wav,Unknown,Unknown
Speaker_id_4,Daisy fe jin kashkash be,data/raw\Speaker_id_4\nup_858.txt,data/raw\Speaker_id_4\nup_858.wav,Unknown,Unknown
Speaker_id_4,miya jin kokari min din takadashampa dagan shampa o wunfe gan be etiuyin,data/raw\Speaker_id_4\nup_859.txt,data/raw\Speaker_id_4\nup_859.wav,Unknown,Unknown
Speaker_id_4,wanzoti kpata mini lokachi degio,data/raw\Speaker_id_4\nup_860.txt,data/raw\Speaker_id_4\nup_860.wav,Unknown,Unknown
Speaker_id_4,Daisy fe la takada eyansagi kuma wunfe jin shawura fifin shayi yipa,data/raw\Speaker_id_4\nup_861.txt,data/raw\Speaker_id_4\nup_861.wav,Unknown,Unknown
Speaker_id_4,Daisy le lena ye nyizagi kirki,data/raw\Speaker_id_4\nup_862.txt,data/raw\Speaker_id_4\nup_862.wav,Unknown,Unknown
Speaker_id_4,Daisy a jin mamaki a gaskiya wan bami amma,data/raw\Speaker_id_4\nup_863.txt,data/raw\Speaker_id_4\nup_863.wav,Unknown,Unknown
Speaker_id_4,afuwa mr frank danzhi bwa,data/raw\Speaker_id_4\nup_864.txt,data/raw\Speaker_id_4\nup_864.wav,Unknown,Unknown
Speaker_id_4,mi na ena we degi,data/raw\Speaker_id_4\nup_865.txt,data/raw\Speaker_id_4\nup_865.wav,Unknown,Unknown
Speaker_id_4,mi yan sudan mikpea,data/raw\Speaker_id_4\nup_866.txt,data/raw\Speaker_id_4\nup_866.wav,Unknown,Unknown
Speaker_id_4,etunlochin yan mrfrank fe gangan be bere managi gadan,data/raw\Speaker_id_4\nup_867.txt,data/raw\Speaker_id_4\nup_867.wav,Unknown,Unknown
Speaker_id_4,Soko Ugan To hakika ma wyo dan mini za nazhi a pata ya na,data/raw\Speaker_id_4\nup_868.txt,data/raw\Speaker_id_4\nup_868.wav,Unknown,Unknown
Speaker_id_4,"Wo kpe nyina na, wo kpe esun à.",data/raw\Speaker_id_4\nup_869.txt,data/raw\Speaker_id_4\nup_869.wav,Unknown,Unknown
Speaker_id_4,Eza wún enya à wun de ewùnzhe?,data/raw\Speaker_id_4\nup_870.txt,data/raw\Speaker_id_4\nup_870.wav,Unknown,Unknown
Speaker_id_4,Tswa éyé! tswa éyé! gá yi cigbe éyé ò.,data/raw\Speaker_id_4\nup_871.txt,data/raw\Speaker_id_4\nup_871.wav,Unknown,Unknown
Speaker_id_4,Dangi emi ga è won bishe emi ò.,data/raw\Speaker_id_4\nup_872.txt,data/raw\Speaker_id_4\nup_872.wav,Unknown,Unknown
Speaker_id_4,A la hankali à tswa lafiya.,data/raw\Speaker_id_4\nup_873.txt,data/raw\Speaker_id_4\nup_873.wav,Unknown,Unknown
Speaker_id_4,"Eza à ce ekpà, kin yaba?",data/raw\Speaker_id_4\nup_874.txt,data/raw\Speaker_id_4\nup_874.wav,Unknown,Unknown
Speaker_id_4,Madangunci è kpe eje sánmu ye kperi à.,data/raw\Speaker_id_4\nup_875.txt,data/raw\Speaker_id_4\nup_875.wav,Unknown,Unknown
Speaker_id_4,bosoko a eda we dan,data/raw\Speaker_id_4\nup_876.txt,data/raw\Speaker_id_4\nup_876.wav,Unknown,Unknown
Speaker_id_4,efe daa jikana da,data/raw\Speaker_id_4\nup_877.txt,data/raw\Speaker_id_4\nup_877.wav,Unknown,Unknown
Speaker_id_4,wa jin rikpe azarfa be yenkpa e?,data/raw\Speaker_id_4\nup_878.txt,data/raw\Speaker_id_4\nup_878.wav,Unknown,Unknown
Speaker_id_4,mide ewo kwan,data/raw\Speaker_id_4\nup_879.txt,data/raw\Speaker_id_4\nup_879.wav,Unknown,Unknown
Speaker_id_4,ewo a shi ngbanfa wa,data/raw\Speaker_id_4\nup_880.txt,data/raw\Speaker_id_4\nup_880.wav,Unknown,Unknown
Speaker_id_4,mansu mizhi a da,data/raw\Speaker_id_4\nup_881.txt,data/raw\Speaker_id_4\nup_881.wav,Unknown,Unknown
Speaker_id_4,a belt wodan wangi yin,data/raw\Speaker_id_4\nup_882.txt,data/raw\Speaker_id_4\nup_882.wav,Unknown,Unknown
Speaker_id_4,mi ye wan kpe,data/raw\Speaker_id_4\nup_883.txt,data/raw\Speaker_id_4\nup_883.wav,Unknown,Unknown
Speaker_id_4,wode map yan ezhi,data/raw\Speaker_id_4\nup_884.txt,data/raw\Speaker_id_4\nup_884.wav,Unknown,Unknown
Speaker_id_4,ade eba bologizhi kyoto,data/raw\Speaker_id_4\nup_885.txt,data/raw\Speaker_id_4\nup_885.wav,Unknown,Unknown
Speaker_id_4,mrbrown ga wu class eya zumma o,data/raw\Speaker_id_4\nup_886.txt,data/raw\Speaker_id_4\nup_886.wav,Unknown,Unknown
Speaker_id_4,kadara e be nini a,data/raw\Speaker_id_4\nup_887.txt,data/raw\Speaker_id_4\nup_887.wav,Unknown,Unknown
Speaker_id_4,shakka danbo a aga bill lazheban,data/raw\Speaker_id_4\nup_888.txt,data/raw\Speaker_id_4\nup_888.wav,Unknown,Unknown
Speaker_id_4,nan kin,data/raw\Speaker_id_4\nup_889.txt,data/raw\Speaker_id_4\nup_889.wav,Unknown,Unknown
Speaker_id_4,wo sa bologi,data/raw\Speaker_id_4\nup_890.txt,data/raw\Speaker_id_4\nup_890.wav,Unknown,Unknown
Speaker_id_4,miya bo,data/raw\Speaker_id_4\nup_891.txt,data/raw\Speaker_id_4\nup_891.wav,Unknown,Unknown
Speaker_id_4,unjin number wangi wo dya,data/raw\Speaker_id_4\nup_892.txt,data/raw\Speaker_id_4\nup_892.wav,Unknown,Unknown
Speaker_id_4,ga woman,data/raw\Speaker_id_4\nup_893.txt,data/raw\Speaker_id_4\nup_893.wav,Unknown,Unknown
Speaker_id_4,mi jin bayani u wa,data/raw\Speaker_id_4\nup_894.txt,data/raw\Speaker_id_4\nup_894.wav,Unknown,Unknown
Speaker_id_4,nasarazhi befi kin edo o,data/raw\Speaker_id_4\nup_895.txt,data/raw\Speaker_id_4\nup_895.wav,Unknown,Unknown
Speaker_id_4,kpa a fayanban,data/raw\Speaker_id_4\nup_896.txt,data/raw\Speaker_id_4\nup_896.wav,Unknown,Unknown
Speaker_id_4,kube lazhin zandondo,data/raw\Speaker_id_4\nup_897.txt,data/raw\Speaker_id_4\nup_897.wav,Unknown,Unknown
Speaker_id_4,ye gun yekan yi la yan,data/raw\Speaker_id_4\nup_898.txt,data/raw\Speaker_id_4\nup_898.wav,Unknown,Unknown
Speaker_id_4,yi fe jin mamaki gan wan nda nchi ya,data/raw\Speaker_id_4\nup_899.txt,data/raw\Speaker_id_4\nup_899.wav,Unknown,Unknown
Speaker_id_4,etun yi ya gbin,data/raw\Speaker_id_4\nup_900.txt,data/raw\Speaker_id_4\nup_900.wav,Unknown,Unknown
Speaker_id_4,miye wa fini flower a,data/raw\Speaker_id_4\nup_901.txt,data/raw\Speaker_id_4\nup_901.wav,Unknown,Unknown
Speaker_id_4,ade nawu babu ena a,data/raw\Speaker_id_4\nup_902.txt,data/raw\Speaker_id_4\nup_902.wav,Unknown,Unknown
Speaker_id_4,kila wochi lo ba a ga o,data/raw\Speaker_id_4\nup_903.txt,data/raw\Speaker_id_4\nup_903.wav,Unknown,Unknown
Speaker_id_4,ki woye gan o,data/raw\Speaker_id_4\nup_904.txt,data/raw\Speaker_id_4\nup_904.wav,Unknown,Unknown
Speaker_id_4,kubetin dokun,data/raw\Speaker_id_4\nup_905.txt,data/raw\Speaker_id_4\nup_905.wav,Unknown,Unknown
Speaker_id_4,kila wochi shiwon,data/raw\Speaker_id_4\nup_906.txt,data/raw\Speaker_id_4\nup_906.wav,Unknown,Unknown
Speaker_id_4,kye din o,data/raw\Speaker_id_4\nup_907.txt,data/raw\Speaker_id_4\nup_907.wav,Unknown,Unknown
Speaker_id_4,we wa gi engichi?,data/raw\Speaker_id_4\nup_908.txt,data/raw\Speaker_id_4\nup_908.wav,Unknown,Unknown
Speaker_id_4,ki wo jin shawara o?,data/raw\Speaker_id_4\nup_909.txt,data/raw\Speaker_id_4\nup_909.wav,Unknown,Unknown
Speaker_id_4,edu na shina e shidu,data/raw\Speaker_id_4\nup_910.txt,data/raw\Speaker_id_4\nup_910.wav,Unknown,Unknown
Speaker_id_4,a mi ya!,data/raw\Speaker_id_4\nup_911.txt,data/raw\Speaker_id_4\nup_911.wav,Unknown,Unknown
Speaker_id_4,miya pencil mi ya,data/raw\Speaker_id_4\nup_912.txt,data/raw\Speaker_id_4\nup_912.wav,Unknown,Unknown
Speaker_id_4,wa la bus lo station,data/raw\Speaker_id_4\nup_913.txt,data/raw\Speaker_id_4\nup_913.wav,Unknown,Unknown
Speaker_id_4,ele fe dun yina kpata,data/raw\Speaker_id_4\nup_914.txt,data/raw\Speaker_id_4\nup_914.wav,Unknown,Unknown
Speaker_id_4,un be ke ele a dun yinna na,data/raw\Speaker_id_4\nup_915.txt,data/raw\Speaker_id_4\nup_915.wav,Unknown,Unknown
Speaker_id_4,wa gun guwo be inni,data/raw\Speaker_id_4\nup_916.txt,data/raw\Speaker_id_4\nup_916.wav,Unknown,Unknown
Speaker_id_4,un be ke ele a dun yinna na,data/raw\Speaker_id_4\nup_917.txt,data/raw\Speaker_id_4\nup_917.wav,Unknown,Unknown
Speaker_id_4,wan du ele,data/raw\Speaker_id_4\nup_918.txt,data/raw\Speaker_id_4\nup_918.wav,Unknown,Unknown
Speaker_id_4,miya jin ene e fin na,data/raw\Speaker_id_4\nup_919.txt,data/raw\Speaker_id_4\nup_919.wav,Unknown,Unknown
Speaker_id_4,miya jin ene e fin na,data/raw\Speaker_id_4\nup_920.txt,data/raw\Speaker_id_4\nup_920.wav,Unknown,Unknown
Speaker_id_4,mi ye wan gan mi lan ke gbugi a,data/raw\Speaker_id_4\nup_921.txt,data/raw\Speaker_id_4\nup_921.wav,Unknown,Unknown
Speaker_id_4,ki woga eti lulo yikan womzhi be mi yon,data/raw\Speaker_id_4\nup_922.txt,data/raw\Speaker_id_4\nup_922.wav,Unknown,Unknown
Speaker_id_4,wajin mi alfarma?,data/raw\Speaker_id_4\nup_923.txt,data/raw\Speaker_id_4\nup_923.wav,Unknown,Unknown
Speaker_id_4,wajin mi alfarma?,data/raw\Speaker_id_4\nup_924.txt,data/raw\Speaker_id_4\nup_924.wav,Unknown,Unknown
Speaker_id_4,wajin mi alfarma?,data/raw\Speaker_id_4\nup_925.txt,data/raw\Speaker_id_4\nup_925.wav,Unknown,Unknown
Speaker_id_4,yendodo jian ko,data/raw\Speaker_id_4\nup_926.txt,data/raw\Speaker_id_4\nup_926.wav,Unknown,Unknown
Speaker_id_4,miya bo,data/raw\Speaker_id_4\nup_927.txt,data/raw\Speaker_id_4\nup_927.wav,Unknown,Unknown
Speaker_id_4,wunchi esa fo,data/raw\Speaker_id_4\nup_928.txt,data/raw\Speaker_id_4\nup_928.wav,Unknown,Unknown
Speaker_id_4,mr Ito wu etan?,data/raw\Speaker_id_4\nup_929.txt,data/raw\Speaker_id_4\nup_929.wav,Unknown,Unknown
Speaker_id_4,Mr ito wu etan,data/raw\Speaker_id_4\nup_930.txt,data/raw\Speaker_id_4\nup_930.wav,Unknown,Unknown
Speaker_id_4,yi ya keba eba wangi nchion,data/raw\Speaker_id_4\nup_931.txt,data/raw\Speaker_id_4\nup_931.wav,Unknown,Unknown
Speaker_id_4,london gayi ezhi na dokun gan yizhe o na,data/raw\Speaker_id_4\nup_932.txt,data/raw\Speaker_id_4\nup_932.wav,Unknown,Unknown
Speaker_id_4,london dan mini ezhi na wanci gann dan yizheo na,data/raw\Speaker_id_4\nup_933.txt,data/raw\Speaker_id_4\nup_933.wav,Unknown,Unknown
Speaker_id_4,fitila la be etiu yin,data/raw\Speaker_id_4\nup_934.txt,data/raw\Speaker_id_4\nup_934.wav,Unknown,Unknown
Speaker_id_4,miye wa ba mota,data/raw\Speaker_id_4\nup_935.txt,data/raw\Speaker_id_4\nup_935.wav,Unknown,Unknown
Speaker_id_4,miye gi apple,data/raw\Speaker_id_4\nup_936.txt,data/raw\Speaker_id_4\nup_936.wav,Unknown,Unknown
Speaker_id_4,wode nansa?,data/raw\Speaker_id_4\nup_937.txt,data/raw\Speaker_id_4\nup_937.wav,Unknown,Unknown
Speaker_id_4,kube tin,data/raw\Speaker_id_4\nup_938.txt,data/raw\Speaker_id_4\nup_938.wav,Unknown,Unknown
Speaker_id_4,mila lo europe lya,data/raw\Speaker_id_4\nup_939.txt,data/raw\Speaker_id_4\nup_939.wav,Unknown,Unknown
Speaker_id_4,fe woman yina,data/raw\Speaker_id_4\nup_940.txt,data/raw\Speaker_id_4\nup_940.wav,Unknown,Unknown
Speaker_id_4,miya de etun,data/raw\Speaker_id_4\nup_941.txt,data/raw\Speaker_id_4\nup_941.wav,Unknown,Unknown
Speaker_id_4,ke we wona?,data/raw\Speaker_id_4\nup_942.txt,data/raw\Speaker_id_4\nup_942.wav,Unknown,Unknown
Speaker_id_4,kpemi gagan bo soko o,data/raw\Speaker_id_4\nup_943.txt,data/raw\Speaker_id_4\nup_943.wav,Unknown,Unknown
Speaker_id_4,wode na kpwagan nan?,data/raw\Speaker_id_4\nup_944.txt,data/raw\Speaker_id_4\nup_944.wav,Unknown,Unknown
Speaker_id_4,miga yi we miya dzugunbo,data/raw\Speaker_id_4\nup_945.txt,data/raw\Speaker_id_4\nup_945.wav,Unknown,Unknown
Speaker_id_4,miga kpekpe miga ganya we,data/raw\Speaker_id_4\nup_946.txt,data/raw\Speaker_id_4\nup_946.wav,Unknown,Unknown
Speaker_id_4,miga kpekpe miga ganya we,data/raw\Speaker_id_4\nup_947.txt,data/raw\Speaker_id_4\nup_947.wav,Unknown,Unknown
Speaker_id_4,jin mi gyara miga jin kuskure nan,data/raw\Speaker_id_4\nup_948.txt,data/raw\Speaker_id_4\nup_948.wav,Unknown,Unknown
Speaker_id_5,Bici titinko wun ejin tukpa lefi a,data/raw\Speaker_id_5\nup_1000.txt,data/raw\Speaker_id_5\nup_1000.wav,Unknown,Unknown
Speaker_id_5,A la kasa gbako eye dzakan bo a,data/raw\Speaker_id_5\nup_1001.txt,data/raw\Speaker_id_5\nup_1001.wav,Unknown,Unknown
Speaker_id_5,Elu na eyi ele na ele a wu wuntso,data/raw\Speaker_id_5\nup_1002.txt,data/raw\Speaker_id_5\nup_1002.wav,Unknown,Unknown
Speaker_id_5,Yaba ma gi dede a una u wu,data/raw\Speaker_id_5\nup_1003.txt,data/raw\Speaker_id_5\nup_1003.wav,Unknown,Unknown
Speaker_id_5,kiyi amfani yan technology o?,data/raw\Speaker_id_5\nup_1004.txt,data/raw\Speaker_id_5\nup_1004.wav,Unknown,Unknown
Speaker_id_5,Ebi ga aga nu wun a tswa sa,data/raw\Speaker_id_5\nup_1005.txt,data/raw\Speaker_id_5\nup_1005.wav,Unknown,Unknown
Speaker_id_5,Yele ge ga wuwo,data/raw\Speaker_id_5\nup_1006.txt,data/raw\Speaker_id_5\nup_1006.wav,Unknown,Unknown
Speaker_id_5,nyizagi gbugbochi ndochi yo na fan eyin kapa koro ubo na,data/raw\Speaker_id_5\nup_1007.txt,data/raw\Speaker_id_5\nup_1007.wav,Unknown,Unknown
Speaker_id_5,ke wen la gyeko dan kpako na nyizagi ndochi fe ganyu gan kpako yi kpikpechi,data/raw\Speaker_id_5\nup_1008.txt,data/raw\Speaker_id_5\nup_1008.wav,Unknown,Unknown
Speaker_id_5,kamindondo na wun ga de etun yeshi na sai ele ga du,data/raw\Speaker_id_5\nup_1009.txt,data/raw\Speaker_id_5\nup_1009.wav,Unknown,Unknown
Speaker_id_5,PS minya dukun kunu ladan fridge wobo,data/raw\Speaker_id_5\nup_1010.txt,data/raw\Speaker_id_5\nup_1010.wav,Unknown,Unknown
Speaker_id_5,shago tokun zhi da aniga kuma utsu nan a taba kpe bya na,data/raw\Speaker_id_5\nup_1011.txt,data/raw\Speaker_id_5\nup_1011.wav,Unknown,Unknown
Speaker_id_5,wanyin shago eyan esagi na dan kpa yigboro na Daisy fe jin tunai be etiuyin,data/raw\Speaker_id_5\nup_1012.txt,data/raw\Speaker_id_5\nup_1012.wav,Unknown,Unknown
Speaker_id_5,mi ye wa lo baga gbani bosoko sanni,data/raw\Speaker_id_5\nup_1013.txt,data/raw\Speaker_id_5\nup_1013.wav,Unknown,Unknown
Speaker_id_5,amma mi de yendochi na woya faye na,data/raw\Speaker_id_5\nup_1014.txt,data/raw\Speaker_id_5\nup_1014.wav,Unknown,Unknown
Speaker_id_5,eti yan woye wa winwan,data/raw\Speaker_id_5\nup_1015.txt,data/raw\Speaker_id_5\nup_1015.wav,Unknown,Unknown
Speaker_id_5,gbarufu nafe ye takada ta dan kapa computer yan shago na,data/raw\Speaker_id_5\nup_1016.txt,data/raw\Speaker_id_5\nup_1016.wav,Unknown,Unknown
Speaker_id_5,Kamina foro Yi be na Yia Shuaybu gangwa be zanazhi jin imani ganna beu uyin na be yegun ndoci dagan eba yibo kabara ko ndoci cia zanazhi jin zwalunci na wan acia tinba fi emiazhio ajin hallaka kpe eti vokpaazhio,data/raw\Speaker_id_5\nup_1017.txt,data/raw\Speaker_id_5\nup_1017.wav,Unknown,Unknown
Speaker_id_5,Yinzagi na ma ugun kataubo na ci wau na wyuntsoa keba be wyun yin na ucia ekozhi tsu gbanyin uci gan To wyo ye be! Ugan Sokou gwo miu tswa! Hakika eba wyoe ndakata mi uyio umaa mi ya ecinba wangi Hakika azwalumizhia de roboa,data/raw\Speaker_id_5\nup_1018.txt,data/raw\Speaker_id_5\nup_1018.wav,Unknown,Unknown
Speaker_id_5,Yegi Yusufu zhi ci dabe acia gandan ebaubo ucia dza tin ammade a lau be woa,data/raw\Speaker_id_5\nup_1019.txt,data/raw\Speaker_id_5\nup_1019.wav,Unknown,Unknown
Speaker_id_5,Zaba etsu zhi cigan kii yi foro naaga gun be za na aga deu beyin nao wunayi ganmana ye zuno nao,data/raw\Speaker_id_5\nup_1020.txt,data/raw\Speaker_id_5\nup_1020.wav,Unknown,Unknown
Speaker_id_5,Agan Wallahi hakika de to gbani wyo yi dan mini zhizhi wyobo naajin fo na,data/raw\Speaker_id_5\nup_1021.txt,data/raw\Speaker_id_5\nup_1021.wav,Unknown,Unknown
Speaker_id_5,Sai de mini wuzhi wyozhio nazhi yi lilicizhi na,data/raw\Speaker_id_5\nup_1022.txt,data/raw\Speaker_id_5\nup_1022.wav,Unknown,Unknown
Speaker_id_5,Hakika ma azaba Mi gayi azaba natan nao,data/raw\Speaker_id_5\nup_1023.txt,data/raw\Speaker_id_5\nup_1023.wav,Unknown,Unknown
Speaker_id_5,Wyo mao yaa labari eti ega Ibrahimuo,data/raw\Speaker_id_5\nup_1024.txt,data/raw\Speaker_id_5\nup_1024.wav,Unknown,Unknown
Speaker_id_5,Dagan mini sun-sun dobinazhio to inabizhio yeajin ye wa egye bo ye mae de arziki wangibo Hakika mini wuncino egwa wu yan zankpe Soko danbo ya zanazhi gayibe hankali na,data/raw\Speaker_id_5\nup_1025.txt,data/raw\Speaker_id_5\nup_1025.wav,Unknown,Unknown
Speaker_id_5,miye leye gan unjin achiyan,data/raw\Speaker_id_5\nup_1026.txt,data/raw\Speaker_id_5\nup_1026.wav,Unknown,Unknown
Speaker_id_5,Soko ma la misali yan jamaa yan alkarya ndoci be afe dan mini amincio be yangbanshi arzikiazhi cae be yaa be bagwoe dagan kansanta ndondo aci bea jin kafirinci be niima Soko zhiSoko ci yaa masiba yan azaba madan be dansuny fin ebo etun nazhi afe lo na,data/raw\Speaker_id_5\nup_1027.txt,data/raw\Speaker_id_5\nup_1027.wav,Unknown,Unknown
Speaker_id_5,Gancin ma yijin wahayi ya wyoe kede wyo lamiotu ekpa adini yan Ibrahima natso yi gboro na uma fedan mini zanazhie la yan Soko baci na boa,data/raw\Speaker_id_5\nup_1028.txt,data/raw\Speaker_id_5\nup_1028.wav,Unknown,Unknown
Speaker_id_5,Ugan Wyo ma le ye zanna Adama na wyo wancin ta eti mibo na hakika wallahi wyo ga pata rayi ya mi har da Efo Alkiyami miga zuriyauzhi kpata jin hallaka sai za degi gaa gangwao,data/raw\Speaker_id_5\nup_1029.txt,data/raw\Speaker_id_5\nup_1029.wav,Unknown,Unknown
Speaker_id_5,Yando ma danbo nakan zawangizhi imanijin kamina bawu be yaa naa Sai de egan naagan gan Ngba zawangi ga Sokoa tun fi yi Tucio,data/raw\Speaker_id_5\nup_1030.txt,data/raw\Speaker_id_5\nup_1030.wav,Unknown,Unknown
Speaker_id_5,"Wo gá gba ezako, efo de à yi efo wotso be de ezako ye.",data/raw\Speaker_id_5\nup_1031.txt,data/raw\Speaker_id_5\nup_1031.wav,Unknown,Unknown
Speaker_id_5,mi leye gan woya jin wa a,data/raw\Speaker_id_5\nup_1032.txt,data/raw\Speaker_id_5\nup_1032.wav,Unknown,Unknown
Speaker_id_5,"Soko! Ade yandoci na'ajin bawta ya (be gaskiyae) na, sai de Wyun'y, Etsu rayi, Etsu na'akunke be yandondoe na. (Q 3:2)",data/raw\Speaker_id_5\nup_1322.txt,data/raw\Speaker_id_5\nup_1322.wav,Unknown,Unknown
Speaker_id_5,"Wyun'a Litafi cin be'a ya woe ganni be gaskiyae, umae la gaskiya-bo yan (litafi) nazhi shiu dzo na wu, Uma cin Attaura be to Injeela. (Q 3:3)",data/raw\Speaker_id_5\nup_1323.txt,data/raw\Speaker_id_5\nup_1323.wav,Unknown,Unknown
Speaker_id_5,"Shidzo batsozhio, bawu a yio ya zawangizhi, u ma cin (Funruqanu) Litafi na la erikpe dan tsakani gaskiya be ganmanae na, Akika zanazhia jin kafirinci be aya Soko zhiy na, azaba na gbota na ga'ajin tabbata ya'a. Soko ma Etsu zankpe uyio, Etsu na yi be azaba na tsanni uyio. (Q 3:4)",data/raw\Speaker_id_5\nup_1324.txt,data/raw\Speaker_id_5\nup_1324.wav,Unknown,Unknown
Speaker_id_5,"Akika Soko, yandondo swo'U dan mini kin boa, yando ma swo'U dan dan mini samaboa. (Q 3:5)",data/raw\Speaker_id_5\nup_1325.txt,data/raw\Speaker_id_5\nup_1325.wav,Unknown,Unknown
Speaker_id_5,"Wyun ga yi Etsu nae tswa ye dan mini ewanzhio kendoe ga ba U nao. Ade yandoci na'awun (be gaskiyae) na'a saide Wyun'y, na yi Etsu zankpe uma yi Etsu hikima na. (Q 3:6)",data/raw\Speaker_id_5\nup_1326.txt,data/raw\Speaker_id_5\nup_1326.wav,Unknown,Unknown
Speaker_id_5,"Wyun ga cin litafi be ya wo yo, miniu bo ayazhi danbo nazhi bayani hukunciazhi yi bibaci na, a ga dokun gan fi litafi bo, ndocizhi madanbo bayani hukuncizhi, be dozhi. Ammaa, za nazhi yangba'azhi a pan ke gaskiya lugwa na, elami-la-tu nazhi ga bedozhi miniubo na, ebo wiwa yan fitinao, be wiwa fasara eti etun yangba'o, zandondo ma kpe fasarau yan gaskiya yea saide Soko. Za nazhi ma'a shidu dan ilimio na, ajin afe gan: 'Yi yia imani jin be uyin, kpatau daga eba Tsuci yi bo ufe beo'. Amade za nazhie kpaye na'a saide eza ankalizhi. (Q 3:7)",data/raw\Speaker_id_5\nup_1327.txt,data/raw\Speaker_id_5\nup_1327.wav,Unknown,Unknown
Speaker_id_5,YASIN. (Bayanizhi shidzo eti'u bo'ani).,data/raw\Speaker_id_5\nup_1328.txt,data/raw\Speaker_id_5\nup_1328.wav,Unknown,Unknown
Speaker_id_5,"Ye-ni ma'u yi eba'abo, ko wo jin'a gangba, ko ma wo ga jin'a ma, ajin za nanzhi a ya gaskiya na'a.",data/raw\Speaker_id_5\nup_1329.txt,data/raw\Speaker_id_5\nup_1329.wav,Unknown,Unknown
Speaker_id_5,"Akika woe jin gangba jin ya za nan gae la mitu foro Alkur'ani nan, u mae kezhe sundan Soko swiswociy nan, (Annabi) ya'u labari yangban fa be gafara yan Sokoe to lada nan wancin nan.",data/raw\Speaker_id_5\nup_1330.txt,data/raw\Speaker_id_5\nup_1330.wav,Unknown,Unknown
Speaker_id_5,"Akika Yi gaela rayi dan eyan tsutsucizhio, Yi ma ga etun nan zhi a la shidzo nan ka to ekpa nanzhiy a da nan. Yandondo ma Yi'u jin lisafi dan mini litafi nan wancin uma yi gbangba na.",data/raw\Speaker_id_5\nup_1331.txt,data/raw\Speaker_id_5\nup_1331.wav,Unknown,Unknown
Speaker_id_5,"Wo mao la misali'o wu'a, yan jama'a yan alkarya ndoci, ka mi nan Tucizhi be ya'a na.",data/raw\Speaker_id_5\nup_1332.txt,data/raw\Speaker_id_5\nup_1332.wav,Unknown,Unknown
Speaker_id_5,"Ka mi nan Yi tun Tuci guba fi'a nan, a cia egan'azhi yi gasmanan, Yi ci'a be kagbo be za taci'y, a ci gan; Akika yi de, Tucizhi yi-yi be ebaye-yeo.",data/raw\Speaker_id_5\nup_1333.txt,data/raw\Speaker_id_5\nup_1333.wav,Unknown,Unknown
Speaker_id_5,"A ci gan: ye yi za'ndo'a sai dai zawangi dozhin yi , Soko (ALRAHMANU) ma cin yan'ndondo be'a, ye de ganmanan tsaba u ga ye zun'o.",data/raw\Speaker_id_5\nup_1334.txt,data/raw\Speaker_id_5\nup_1334.wav,Unknown,Unknown
Speaker_id_5,"A ci gan: 'Tsoci-yi u yi, be kpikpe ke de Tucizhi yi'yi be eba ye ye'o nao.",data/raw\Speaker_id_5\nup_1335.txt,data/raw\Speaker_id_5\nup_1335.wav,Unknown,Unknown
Speaker_id_5,"Etun-ndo ma ta eti yi bo'a, sai dai yanwu nan yi be bayani'y nan.",data/raw\Speaker_id_5\nup_1336.txt,data/raw\Speaker_id_5\nup_1336.wav,Unknown,Unknown
Speaker_id_5,"A ci gan: 'Yi ye cin'ye le eza de dezhi, kagan ma ye lugwa'a yi gae ce yan, ye ma ga'gun be azaba nan tan-nan dagan eba yi bo.",data/raw\Speaker_id_5\nup_1337.txt,data/raw\Speaker_id_5\nup_1337.wav,Unknown,Unknown
Speaker_id_5,"A ci gan: cincinle yan eyan dedeyezhi u dan ganni be ye tsoe, kashi ebo tukpa nan a paye nan (u ga la ye ci gan acin'o)? A'a ye de fe'a saidaiza nanzhi'e nyin yanzhi nan.",data/raw\Speaker_id_5\nup_1338.txt,data/raw\Speaker_id_5\nup_1338.wav,Unknown,Unknown
Speaker_id_5,Mi'e zhi kuti be Alkuranuy nan'ashe be hikimae nan.,data/raw\Speaker_id_5\nup_1339.txt,data/raw\Speaker_id_5\nup_1339.wav,Unknown,Unknown
Speaker_id_5,"Eza bagi ndoci ci be dagan efu nanlokpa gan mini ezhio nao, u fe dinye, u ci gan: Ya ye jamaazhi ya emi tu Tucizhi.",data/raw\Speaker_id_5\nup_1340.txt,data/raw\Speaker_id_5\nup_1340.wav,Unknown,Unknown
Speaker_id_5,"Yea emi tu za nazhi e gbin ye gan yan lada etun'azhi a nan,a ma kezhe yi eza eko gboro nan (eza bawuzhi nan).",data/raw\Speaker_id_5\nup_1341.txt,data/raw\Speaker_id_5\nup_1341.wav,Unknown,Unknown
Speaker_id_5,"Kiy-ma a  kan mi cia jin bawta ya Etsu nanjin alita mi yin'a naa yin'o, ezhekeba ye kpata ma u dan eba u bo?",data/raw\Speaker_id_5\nup_1342.txt,data/raw\Speaker_id_5\nup_1342.wav,Unknown,Unknown
Speaker_id_5,"Ngba, mi ga za'ndoci baci Soko la gan wyun gayi ndakatao, Ngan Soko (ALRAHMANU) wun'a kpa mimacinle ndoci be mi yin, gwatan yan zandodo'a, wun'a jin mi amfania, a ma bo mi yawo'a.",data/raw\Speaker_id_5\nup_1343.txt,data/raw\Speaker_id_5\nup_1343.wav,Unknown,Unknown
Speaker_id_5,"Akika mi ga jin acin, mi ga'fe dan mini egbin'o nantso a tu la na.",data/raw\Speaker_id_5\nup_1344.txt,data/raw\Speaker_id_5\nup_1344.wav,Unknown,Unknown
Speaker_id_5,"Akika mi'a imanijin ganni be Tsoci ye yin, ye mae laefe erie ya mi.",data/raw\Speaker_id_5\nup_1345.txt,data/raw\Speaker_id_5\nup_1345.wav,Unknown,Unknown
Speaker_id_5,"Aci gan'u gan: 'A gandan Aljannao. U gan: kasa!, da'aci gan jamaa yan mizhi de kpikpe (yan alhairi na Soko jin ya mi nan).",data/raw\Speaker_id_5\nup_1346.txt,data/raw\Speaker_id_5\nup_1346.wav,Unknown,Unknown
Speaker_id_5,"To fi-fa nan u fa be mi yin nae, U ci kezhe-a mi la'adan ezacinwancizhio.",data/raw\Speaker_id_5\nup_1347.txt,data/raw\Speaker_id_5\nup_1347.wav,Unknown,Unknown
Speaker_id_5,"Yi ma cin ekun-gunci ndondo be ya jamaa yan'u zhi zunma'u boa, Yi ma cin be le'a.",data/raw\Speaker_id_5\nup_1348.txt,data/raw\Speaker_id_5\nup_1348.wav,Unknown,Unknown
Speaker_id_5,"Alamaria u fe'a sai dai kabara nini, kpata ci'a fe eza tsutsucizhi.",data/raw\Speaker_id_5\nup_1349.txt,data/raw\Speaker_id_5\nup_1349.wav,Unknown,Unknown
Speaker_id_5,Akika Woe (Muhammadu) wo dan mini Tucizhio.,data/raw\Speaker_id_5\nup_1350.txt,data/raw\Speaker_id_5\nup_1350.wav,Unknown,Unknown
Speaker_id_5,"Egiti yan robonkpe wun'ajin tabbata ta eti wuzhizhio, kami-ndondo nan tuci gabe ya'anan, aa fe za nazhi e la'u mi nan.",data/raw\Speaker_id_5\nup_1351.txt,data/raw\Speaker_id_5\nup_1351.wav,Unknown,Unknown
Speaker_id_5,Wo ta eti ekpa nantso yi gboro nan.,data/raw\Speaker_id_5\nup_1352.txt,data/raw\Speaker_id_5\nup_1352.wav,Unknown,Unknown
Speaker_id_5,"(Alkur'anu) ma, u cin cin be dagan eba Soko nan yi Etsu zankpe nan Etsu yegun.",data/raw\Speaker_id_5\nup_1353.txt,data/raw\Speaker_id_5\nup_1353.wav,Unknown,Unknown
Speaker_id_5,Ebo wo jin gangba'o ya jama'a nanzhi a jin gangba ya yanmanci'azhi'a nan a cia fe dan eye-yao-na.,data/raw\Speaker_id_5\nup_1354.txt,data/raw\Speaker_id_5\nup_1354.wav,Unknown,Unknown
Speaker_id_5,Akika hukunci Soko (azaba) a jin tabbata  eti kundondoa bo ebo nan ya gaskiya'a na.,data/raw\Speaker_id_5\nup_1355.txt,data/raw\Speaker_id_5\nup_1355.wav,Unknown,Unknown
Speaker_id_5,"Akika Yi'a kuruzhi ku fia kpatsun'azhio, har da da'a wan nungbeazhi, ebo acin'o eti'azhi a kan ta fitio.",data/raw\Speaker_id_5\nup_1356.txt,data/raw\Speaker_id_5\nup_1356.wav,Unknown,Unknown
Speaker_id_5,"Yi cia yekan la'a dan yegboro'a bo, yekan ma'dan to zunma'abo, Yi cia eyan la a'rukpe'a, aci le ba ye bea.",data/raw\Speaker_id_5\nup_1357.txt,data/raw\Speaker_id_5\nup_1357.wav,Unknown,Unknown
Speaker_id_5,Boye ci a nyagban mi gbadza,data/raw\Speaker_id_5\nup_949.txt,data/raw\Speaker_id_5\nup_949.wav,Unknown,Unknown
Speaker_id_5,mi lyuye fondondo,data/raw\Speaker_id_5\nup_950.txt,data/raw\Speaker_id_5\nup_950.wav,Unknown,Unknown
Speaker_id_5,kyoto unjin wangi a kara mi la,data/raw\Speaker_id_5\nup_951.txt,data/raw\Speaker_id_5\nup_951.wav,Unknown,Unknown
Speaker_id_5,unga tinye gbani,data/raw\Speaker_id_5\nup_952.txt,data/raw\Speaker_id_5\nup_952.wav,Unknown,Unknown
Speaker_id_5,gajin damuwa man,data/raw\Speaker_id_5\nup_953.txt,data/raw\Speaker_id_5\nup_953.wav,Unknown,Unknown
Speaker_id_5,yi la yakpiu be taimako,data/raw\Speaker_id_5\nup_954.txt,data/raw\Speaker_id_5\nup_954.wav,Unknown,Unknown
Speaker_id_5,kami kichi we kpekpeo,data/raw\Speaker_id_5\nup_955.txt,data/raw\Speaker_id_5\nup_955.wav,Unknown,Unknown
Speaker_id_5,kami kichi a chya game o,data/raw\Speaker_id_5\nup_956.txt,data/raw\Speaker_id_5\nup_956.wav,Unknown,Unknown
Speaker_id_5,station dan tatachin ya ezhio,data/raw\Speaker_id_5\nup_957.txt,data/raw\Speaker_id_5\nup_957.wav,Unknown,Unknown
Speaker_id_5,eganzhi dokun mini englishio a dyu de mini latin bo,data/raw\Speaker_id_5\nup_958.txt,data/raw\Speaker_id_5\nup_958.wav,Unknown,Unknown
Speaker_id_5,dole mi zhe wogan be mi english yan o?,data/raw\Speaker_id_5\nup_959.txt,data/raw\Speaker_id_5\nup_959.wav,Unknown,Unknown
Speaker_id_5,Cincin ga¡ wun a yi wun a,data/raw\Speaker_id_5\nup_960.txt,data/raw\Speaker_id_5\nup_960.wav,Unknown,Unknown
Speaker_id_5,goga wo,data/raw\Speaker_id_5\nup_961.txt,data/raw\Speaker_id_5\nup_961.wav,Unknown,Unknown
Speaker_id_5,eba pa zhiko na ya dzodzo zhanpao na,data/raw\Speaker_id_5\nup_962.txt,data/raw\Speaker_id_5\nup_962.wav,Unknown,Unknown
Speaker_id_5,mide etun dokun a lo,data/raw\Speaker_id_5\nup_963.txt,data/raw\Speaker_id_5\nup_963.wav,Unknown,Unknown
Speaker_id_5,Mr wilder la email wo yami,data/raw\Speaker_id_5\nup_964.txt,data/raw\Speaker_id_5\nup_964.wav,Unknown,Unknown
Speaker_id_5,minye la tun a ni,data/raw\Speaker_id_5\nup_965.txt,data/raw\Speaker_id_5\nup_965.wav,Unknown,Unknown
Speaker_id_5,yi dokun,data/raw\Speaker_id_5\nup_966.txt,data/raw\Speaker_id_5\nup_966.wav,Unknown,Unknown
Speaker_id_5,yegi yan kpasa,data/raw\Speaker_id_5\nup_967.txt,data/raw\Speaker_id_5\nup_967.wav,Unknown,Unknown
Speaker_id_5,mi me nyi yan,data/raw\Speaker_id_5\nup_968.txt,data/raw\Speaker_id_5\nup_968.wav,Unknown,Unknown
Speaker_id_5,min ye wa rayi mi ke zheban,data/raw\Speaker_id_5\nup_969.txt,data/raw\Speaker_id_5\nup_969.wav,Unknown,Unknown
Speaker_id_5,a de ze be na,data/raw\Speaker_id_5\nup_970.txt,data/raw\Speaker_id_5\nup_970.wav,Unknown,Unknown
Speaker_id_5,mi kpe enna miya jin be na,data/raw\Speaker_id_5\nup_971.txt,data/raw\Speaker_id_5\nup_971.wav,Unknown,Unknown
Speaker_id_5,eti e san mi,data/raw\Speaker_id_5\nup_972.txt,data/raw\Speaker_id_5\nup_972.wav,Unknown,Unknown
Speaker_id_5,wan kuku ya yizhe inna,data/raw\Speaker_id_5\nup_973.txt,data/raw\Speaker_id_5\nup_973.wav,Unknown,Unknown
Speaker_id_5,eka e gogan na eza kpin yan na,data/raw\Speaker_id_5\nup_974.txt,data/raw\Speaker_id_5\nup_974.wav,Unknown,Unknown
Speaker_id_5,ga bayi tan man!,data/raw\Speaker_id_5\nup_975.txt,data/raw\Speaker_id_5\nup_975.wav,Unknown,Unknown
Speaker_id_5,ade ka rayi nini a,data/raw\Speaker_id_5\nup_976.txt,data/raw\Speaker_id_5\nup_976.wav,Unknown,Unknown
Speaker_id_5,wo kin unyo?,data/raw\Speaker_id_5\nup_977.txt,data/raw\Speaker_id_5\nup_977.wav,Unknown,Unknown
Speaker_id_5,wo kin wanyo?,data/raw\Speaker_id_5\nup_978.txt,data/raw\Speaker_id_5\nup_978.wav,Unknown,Unknown
Speaker_id_5,wo gbogi gayyo,data/raw\Speaker_id_5\nup_979.txt,data/raw\Speaker_id_5\nup_979.wav,Unknown,Unknown
Speaker_id_5,wa dzunyila na?,data/raw\Speaker_id_5\nup_980.txt,data/raw\Speaker_id_5\nup_980.wav,Unknown,Unknown
Speaker_id_5,mide tun emi na ga ena chyao,data/raw\Speaker_id_5\nup_981.txt,data/raw\Speaker_id_5\nup_981.wav,Unknown,Unknown
Speaker_id_5,ke jin faruwa kogo bo? mide sanni a,data/raw\Speaker_id_5\nup_982.txt,data/raw\Speaker_id_5\nup_982.wav,Unknown,Unknown
Speaker_id_5,un be ke ele a dun yinna na,data/raw\Speaker_id_5\nup_983.txt,data/raw\Speaker_id_5\nup_983.wav,Unknown,Unknown
Speaker_id_5,wan du ele,data/raw\Speaker_id_5\nup_984.txt,data/raw\Speaker_id_5\nup_984.wav,Unknown,Unknown
Speaker_id_5,wode yi bochi,data/raw\Speaker_id_5\nup_985.txt,data/raw\Speaker_id_5\nup_985.wav,Unknown,Unknown
Speaker_id_5,eba pa zhiko na ya dzodzo zhanpao na,data/raw\Speaker_id_5\nup_986.txt,data/raw\Speaker_id_5\nup_986.wav,Unknown,Unknown
Speaker_id_5,fe woman yina,data/raw\Speaker_id_5\nup_987.txt,data/raw\Speaker_id_5\nup_987.wav,Unknown,Unknown
Speaker_id_5,lokachi a tun na wa da lele nan,data/raw\Speaker_id_5\nup_988.txt,data/raw\Speaker_id_5\nup_988.wav,Unknown,Unknown
Speaker_id_5,miya fe da gbani,data/raw\Speaker_id_5\nup_989.txt,data/raw\Speaker_id_5\nup_989.wav,Unknown,Unknown
Speaker_id_5,Babo wo fe byo?,data/raw\Speaker_id_5\nup_990.txt,data/raw\Speaker_id_5\nup_990.wav,Unknown,Unknown
Speaker_id_5,wo ya wogan,data/raw\Speaker_id_5\nup_991.txt,data/raw\Speaker_id_5\nup_991.wav,Unknown,Unknown
Speaker_id_5,tom de emi be kata guba e,data/raw\Speaker_id_5\nup_992.txt,data/raw\Speaker_id_5\nup_992.wav,Unknown,Unknown
Speaker_id_5,eyan ba,data/raw\Speaker_id_5\nup_993.txt,data/raw\Speaker_id_5\nup_993.wav,Unknown,Unknown
Speaker_id_5,Koko u knn nya na u kii na a,data/raw\Speaker_id_5\nup_994.txt,data/raw\Speaker_id_5\nup_994.wav,Unknown,Unknown
Speaker_id_5,Ajin a la nyankpa guba fi na o tswa ?,data/raw\Speaker_id_5\nup_995.txt,data/raw\Speaker_id_5\nup_995.wav,Unknown,Unknown
Speaker_id_5,Gasikiyagwa ga ko,data/raw\Speaker_id_5\nup_996.txt,data/raw\Speaker_id_5\nup_996.wav,Unknown,Unknown
Speaker_id_5,Tukpa pa u lugwa tukpa atsu a,data/raw\Speaker_id_5\nup_997.txt,data/raw\Speaker_id_5\nup_997.wav,Unknown,Unknown
Speaker_id_5,Nusa ga abici nya tsutsu dzakangi a gikumi chin u le,data/raw\Speaker_id_5\nup_998.txt,data/raw\Speaker_id_5\nup_998.wav,Unknown,Unknown
Speaker_id_5,Dagba ga a tsiin ce dagba ga a go won o,data/raw\Speaker_id_5\nup_999.txt,data/raw\Speaker_id_5\nup_999.wav,Unknown,Unknown
Speaker_id_6,wo yimi yezhi tsuwo?,data/raw\Speaker_id_6\nup_1033.txt,data/raw\Speaker_id_6\nup_1033.wav,Unknown,Unknown
Speaker_id_6,jin sanni,data/raw\Speaker_id_6\nup_1034.txt,data/raw\Speaker_id_6\nup_1034.wav,Unknown,Unknown
Speaker_id_6,woya shi alkali nchi waa,data/raw\Speaker_id_6\nup_1035.txt,data/raw\Speaker_id_6\nup_1035.wav,Unknown,Unknown
Speaker_id_6,ki woya jion ayi woga yi mi yannao,data/raw\Speaker_id_6\nup_1036.txt,data/raw\Speaker_id_6\nup_1036.wav,Unknown,Unknown
Speaker_id_6,ki woya jion ayi woga yi mi yannao,data/raw\Speaker_id_6\nup_1037.txt,data/raw\Speaker_id_6\nup_1037.wav,Unknown,Unknown
Speaker_id_6,kyoto unjin wangi a kara mi la,data/raw\Speaker_id_6\nup_1038.txt,data/raw\Speaker_id_6\nup_1038.wav,Unknown,Unknown
Speaker_id_6,gajin damuwa man,data/raw\Speaker_id_6\nup_1039.txt,data/raw\Speaker_id_6\nup_1039.wav,Unknown,Unknown
Speaker_id_6,zhigan wo leye gan woyo?,data/raw\Speaker_id_6\nup_1040.txt,data/raw\Speaker_id_6\nup_1040.wav,Unknown,Unknown
Speaker_id_6,endondo na gajin na mita zumma wo bo,data/raw\Speaker_id_6\nup_1041.txt,data/raw\Speaker_id_6\nup_1041.wav,Unknown,Unknown
Speaker_id_6,a ya gukin wo yo?,data/raw\Speaker_id_6\nup_1042.txt,data/raw\Speaker_id_6\nup_1042.wav,Unknown,Unknown
Speaker_id_6,yi gami latu doka,data/raw\Speaker_id_6\nup_1043.txt,data/raw\Speaker_id_6\nup_1043.wav,Unknown,Unknown
Speaker_id_6,eni ko yan we la enikochi gba,data/raw\Speaker_id_6\nup_1044.txt,data/raw\Speaker_id_6\nup_1044.wav,Unknown,Unknown
Speaker_id_6,fan ena ga mon we na,data/raw\Speaker_id_6\nup_1045.txt,data/raw\Speaker_id_6\nup_1045.wav,Unknown,Unknown
Speaker_id_6,Yekpa dede a kpa a ci tu kata ti te o,data/raw\Speaker_id_6\nup_1046.txt,data/raw\Speaker_id_6\nup_1046.wav,Unknown,Unknown
Speaker_id_6,Ajin a ce kpa kin yaba?,data/raw\Speaker_id_6\nup_1047.txt,data/raw\Speaker_id_6\nup_1047.wav,Unknown,Unknown
Speaker_id_6,Enya o u ga azo na ba o a ye la bo,data/raw\Speaker_id_6\nup_1048.txt,data/raw\Speaker_id_6\nup_1048.wav,Unknown,Unknown
Speaker_id_6,A ga epo selu eti fe nu kparo,data/raw\Speaker_id_6\nup_1049.txt,data/raw\Speaker_id_6\nup_1049.wav,Unknown,Unknown
Speaker_id_6,Eza tipachi u woma yizhe a,data/raw\Speaker_id_6\nup_1050.txt,data/raw\Speaker_id_6\nup_1050.wav,Unknown,Unknown
Speaker_id_6,Mi a lo zi mi a lo zi wun ga ela zi lokpa,data/raw\Speaker_id_6\nup_1051.txt,data/raw\Speaker_id_6\nup_1051.wav,Unknown,Unknown
Speaker_id_6,Kagboci lagwasuii nya bolanci la gwa kpe,data/raw\Speaker_id_6\nup_1052.txt,data/raw\Speaker_id_6\nup_1052.wav,Unknown,Unknown
Speaker_id_6,Ele gwazunma tsutsu u yi o,data/raw\Speaker_id_6\nup_1053.txt,data/raw\Speaker_id_6\nup_1053.wav,Unknown,Unknown
Speaker_id_6,wun ge fin kpata katazhio bi mana office gutwaba,data/raw\Speaker_id_6\nup_1054.txt,data/raw\Speaker_id_6\nup_1054.wav,Unknown,Unknown
Speaker_id_6,mi che tigi,data/raw\Speaker_id_6\nup_1055.txt,data/raw\Speaker_id_6\nup_1055.wav,Unknown,Unknown
Speaker_id_6,wunfe tinya eda na wundanna kuma wunfe so dzun yeko na kpe degi na,data/raw\Speaker_id_6\nup_1056.txt,data/raw\Speaker_id_6\nup_1056.wav,Unknown,Unknown
Speaker_id_6,gbani wunku kpata takada lukpin nanazhiwa wunche la shawura ke wungbin bagi ndochi gan bana e kunya na,data/raw\Speaker_id_6\nup_1057.txt,data/raw\Speaker_id_6\nup_1057.wav,Unknown,Unknown
Speaker_id_6,ke wunjin achina Daisy fe ba  shago tso eye wun fezhe min de yendondo irin esan nana,data/raw\Speaker_id_6\nup_1058.txt,data/raw\Speaker_id_6\nup_1058.wav,Unknown,Unknown
Speaker_id_6,ayi achiga yo miya wagan mijin anfanni be egwa woyin,data/raw\Speaker_id_6\nup_1059.txt,data/raw\Speaker_id_6\nup_1059.wav,Unknown,Unknown
Speaker_id_6,Daisy yebo wunfedun shi shago luigi kuma wun baza degi be zana wun na ezazhi italy,data/raw\Speaker_id_6\nup_1060.txt,data/raw\Speaker_id_6\nup_1060.wav,Unknown,Unknown
Speaker_id_6,wunchi tsoyi fridge kumma tetengi tso manyi machine yan eje jinwoya li wangizhi ebona agayi nazhi gegan nao,data/raw\Speaker_id_6\nup_1061.txt,data/raw\Speaker_id_6\nup_1061.wav,Unknown,Unknown
Speaker_id_6,Yannazhia be ke ya ye dan eba Soko na ude alheri yaye gan ye gaafe zanazhia imani jin na Mi majin zanaa fe tswa ye za naa,data/raw\Speaker_id_6\nup_1062.txt,data/raw\Speaker_id_6\nup_1062.wav,Unknown,Unknown
Speaker_id_6,Wyo mao la sallao kuo gikini caba igidio to zobau yin to caba yan yeshi Hakika etun wangizhi e la dedezhi fin ya Wuncin ma sinsantu uyio ya zanazhi gae gwo sinsantu na,data/raw\Speaker_id_6\nup_1063.txt,data/raw\Speaker_id_6\nup_1063.wav,Unknown,Unknown
Speaker_id_6,Aci ganya wyo na acin alkuranu be ya na! Hakika wyoe ilanduci wyo yio,data/raw\Speaker_id_6\nup_1064.txt,data/raw\Speaker_id_6\nup_1064.wav,Unknown,Unknown
Speaker_id_6,Hakika ma Yila tswangizhi fi sanmao Yiciu pa nin ya za nazhie cinu le na,data/raw\Speaker_id_6\nup_1065.txt,data/raw\Speaker_id_6\nup_1065.wav,Unknown,Unknown
Speaker_id_6,yiya gagan yikpe kumma yi jin eli ke yi leye na amma ye go eli yiya,data/raw\Speaker_id_6\nup_1066.txt,data/raw\Speaker_id_6\nup_1066.wav,Unknown,Unknown
Speaker_id_6,"Wun jin na eza lé be nyi na, wun è san be nyi à.",data/raw\Speaker_id_6\nup_1067.txt,data/raw\Speaker_id_6\nup_1067.wav,Unknown,Unknown
Speaker_id_6,woga dan rome o jin ke romechizhi na,data/raw\Speaker_id_6\nup_1068.txt,data/raw\Speaker_id_6\nup_1068.wav,Unknown,Unknown
Speaker_id_6,kujin bo nuwan boa ade hallita na dan rayo na,data/raw\Speaker_id_6\nup_1069.txt,data/raw\Speaker_id_6\nup_1069.wav,Unknown,Unknown
Speaker_id_6,mi yank an yan,data/raw\Speaker_id_6\nup_1070.txt,data/raw\Speaker_id_6\nup_1070.wav,Unknown,Unknown
Speaker_id_6,eye mi ye tan mi,data/raw\Speaker_id_6\nup_1071.txt,data/raw\Speaker_id_6\nup_1071.wav,Unknown,Unknown
Speaker_id_6,ke na estu e gi guzhia na,data/raw\Speaker_id_6\nup_1072.txt,data/raw\Speaker_id_6\nup_1072.wav,Unknown,Unknown
Speaker_id_6,"Mi a ca be sunna Sokoe, Estu na niimau ke ke yiba to mumini to kafiri emi izheo na, Etsu na ada yegun kpe muminizhi ri ke kafirizhi lugwa efo alkiyami na.",data/raw\Speaker_id_6\nup_1073.txt,data/raw\Speaker_id_6\nup_1073.wav,Unknown,Unknown
Speaker_id_6,"To za ndocizhi miniabo, a laa be dan lokaci Annabio ganni be za lokaci'u zhi yin'a nan. (kpata Annabi Muhammadu (S.A.W) ga Soko tun fi a o) Akika Soko Etsu zankpe uyio, Egba ma uyio.",data/raw\Speaker_id_6\nup_1074.txt,data/raw\Speaker_id_6\nup_1074.wav,Unknown,Unknown
Speaker_id_6,"Wuncin ma, falala uyio yan Soko nan wun'a jin u la ya za nan ga bau nan, Akika Soko Etsu falala uyio, nan wancin nan.",data/raw\Speaker_id_6\nup_1075.txt,data/raw\Speaker_id_6\nup_1075.wav,Unknown,Unknown
Speaker_id_6,"Kotonci yan za nanzhi yi be kpikpe yan Attaura (litafi nan a cin be ya Annabi Musa) nan, a ma lotun be yan nanzhi litafi gan naa nan, a yi ke kotonci yan tyatyagi naa karazhi la nan, (u de amfani ndondo boa, sai wahala banza), bibi be -- sun'I, wun'ajin tabbata ya za nanzhi'a aya Soko (zhi) yi ganmanan nan, akika Soko'e la jamaa yan azwalumizhi ke eko guru'a.",data/raw\Speaker_id_6\nup_1076.txt,data/raw\Speaker_id_6\nup_1076.wav,Unknown,Unknown
Speaker_id_6,"(Annabi gan gan). Ye Yahudizhi, ye gae leye le gan, ye tsayi masoyi Soko gbuwgio, za na ke nazhi a jin'a, ejin guri, ye mae jin aduwa gan Soko u la ye'u wu. Wun'ayi za gaskiyazhi ye yio nan.",data/raw\Speaker_id_6\nup_1077.txt,data/raw\Speaker_id_6\nup_1077.wav,Unknown,Unknown
Speaker_id_6,"Amaa jin guri wuncin'a, har abada, ebo etun dede nanzhi a la shidzo nan. Akika Soko yi be kpikpe azwalumizhi ganni be etun nanzhi e lo nan.",data/raw\Speaker_id_6\nup_1078.txt,data/raw\Speaker_id_6\nup_1078.wav,Unknown,Unknown
Speaker_id_6,"Gan yaa gan: ajali wuncin, nan ye bici'u daa nan, akika wun'a da gun'e (bandondo). A ma ga ye la da zhin eba (Soko) nan de kpikpe yan nan so nan to nan tula nan. Soko ci a ya ye labari yan etun nanzhi ye fe lo izheo nan.",data/raw\Speaker_id_6\nup_1079.txt,data/raw\Speaker_id_6\nup_1079.wav,Unknown,Unknown
Speaker_id_6,"Ye nanzhi gan ye'a imani jin nan! Kaminan a ga sallah yi, yan efo jummua nan, Ye'a shiri jin da (dannan) pipa Soko, ye mae la woce elugwa. Wuncin nan ye'ajin nan, u ga yi alhairi ya ye yeo, Ye ga de kpikpe de nan.",data/raw\Speaker_id_6\nup_1080.txt,data/raw\Speaker_id_6\nup_1080.wav,Unknown,Unknown
Speaker_id_6,"Kaminan a ga sallah jin zo nan, ye'a ga ya kpe eti kinbo, ye mae fe wa falala yan Soko. Ye mae tun Soko e ye, yetun nan dokun nan. Be wuncin ga ye'a tso gurio.",data/raw\Speaker_id_6\nup_1081.txt,data/raw\Speaker_id_6\nup_1081.wav,Unknown,Unknown
Speaker_id_6,"Abeke a ga le kaaya wocezhi ye nan, ko a ci wo san san edzo nan (ke eyan nan) a dzun tinya da eba eyan edzozhi. A ci ga wo ya gi gbaro. (Annabi) gan gan: egagba nan dan be Sokoe nan, u de alhairi gan' edzo ganni be woce. Akika Soko ga yi Etsu nan'e ya za arziki nan'o.",data/raw\Speaker_id_6\nup_1082.txt,data/raw\Speaker_id_6\nup_1082.wav,Unknown,Unknown
Speaker_id_6,"Akika, lokaci be shidzo batsozhio, nan zawangi, u 'y yandondo nan'a tunye naa na.",data/raw\Speaker_id_6\nup_1083.txt,data/raw\Speaker_id_6\nup_1083.wav,Unknown,Unknown
Speaker_id_6,Yebo kpata ajin tabbata ya Soko Etsu nae kpa alittazhi kpata na.,data/raw\Speaker_id_6\nup_1084.txt,data/raw\Speaker_id_6\nup_1084.wav,Unknown,Unknown
Speaker_id_6,"Akika, Yia halitta yan zawangi jin, dagan nuwan yan mani'i bo, nan'a bo keba (tsakani bagi be inzagi'i nan). Ebo ma, yi'i, ma wun'i, cin'ile, Yi ciu ya tukpa yan gan wo, Yi ci kezhe'u ya eye, nan'u ga cin ba le nan.",data/raw\Speaker_id_6\nup_1085.txt,data/raw\Speaker_id_6\nup_1085.wav,Unknown,Unknown
Speaker_id_6,"Yi ma' zawangi wuba, lo eko nan tso yi gboro nan, U ga bau, u la'u fe, za nan'e jin yebo ya Soko nan(be emi latu foro'u yin) U ga bau, U lau cin mannan'ubo, be Sokoe (U fe'u le umurni Soko u ba).",data/raw\Speaker_id_6\nup_1086.txt,data/raw\Speaker_id_6\nup_1086.wav,Unknown,Unknown
Speaker_id_6,"Akika, Yia shiri jin, ka kafirizhi, be dzari'i, to kuru, to enan yan Sa'iru'i.",data/raw\Speaker_id_6\nup_1087.txt,data/raw\Speaker_id_6\nup_1087.wav,Unknown,Unknown
Speaker_id_6,"Akika, eza kirkizhi, a fe fin nuwan mannan gizhi, nan a zhin keba be kafuru'i nan.",data/raw\Speaker_id_6\nup_1088.txt,data/raw\Speaker_id_6\nup_1088.wav,Unknown,Unknown
Speaker_id_6,"(Kafur'nan nan), nuwan mannan gi uyio nan wuzhi Soko guru zhi, a fe de yan'a fin, kandondo nan.",data/raw\Speaker_id_6\nup_1089.txt,data/raw\Speaker_id_6\nup_1089.wav,Unknown,Unknown
Speaker_id_6,Za nanzhie la tun lo eti emi nanzhi a ga she be Soko enan. A maajin a fe' sundan efo nan sharri'u dokun nan. (Efo kiyama dan'o nan).,data/raw\Speaker_id_6\nup_1090.txt,data/raw\Speaker_id_6\nup_1090.wav,Unknown,Unknown
Speaker_id_6,"A ma'a jin, a fe' la yangici ya eza gwagbagizhi, be ekungi zhi, to za nanzhi a ga wan ekunda'o nan, alhali'I ma'a tso yi be bukatau yin.",data/raw\Speaker_id_6\nup_1091.txt,data/raw\Speaker_id_6\nup_1091.wav,Unknown,Unknown
Speaker_id_6,"(Acia jin, a fe' gan'gan): Akika Yi, ye' ya ye yangici yagi ebo wiwa yan yarda Soko. Yi mae wa egagba ndoci ko yebo jin dagan eba ye boa.",data/raw\Speaker_id_6\nup_1092.txt,data/raw\Speaker_id_6\nup_1092.wav,Unknown,Unknown
Speaker_id_6,"Akika, Yie sundan azaba, dagan eba Tsoci yibo, yan efo nan fuska ekundondo zazhi ga'a shizhiko nan, Efo nan lukpin sarauyin nan.",data/raw\Speaker_id_6\nup_1093.txt,data/raw\Speaker_id_6\nup_1093.wav,Unknown,Unknown
Speaker_id_6,"Soko ci'a gan' gwa be sharri yan efo wuncin, Ucia la gun be haske, ganni be yangban fa'e.",data/raw\Speaker_id_6\nup_1094.txt,data/raw\Speaker_id_6\nup_1094.wav,Unknown,Unknown
Speaker_id_6,"Estu na ni'imau ke ke yiba to mumini to kafiri emi izheo na, Etsu na ada yegun kpe muminizhi ri ke kafirizhi lugwa efo alkiyami na.",data/raw\Speaker_id_6\nup_1095.txt,data/raw\Speaker_id_6\nup_1095.wav,Unknown,Unknown
Speaker_id_6,"Soko cia egagba wangi la'a yaa, yan aljanna, be tufuwa yan silki zhi'i, ebo hakuri nan a fe' jin eti emi latu foro Soko nan.",data/raw\Speaker_id_6\nup_1096.txt,data/raw\Speaker_id_6\nup_1096.wav,Unknown,Unknown
Speaker_id_6,"Aci ga kpetso ta eti gadoa zhio, mini aljanna'o, a'wo ba nan gun'a, ama'a wo bayeko tsuntsun nua.",data/raw\Speaker_id_6\nup_1097.txt,data/raw\Speaker_id_6\nup_1097.wav,Unknown,Unknown
Speaker_id_6,"Wuru, yan cigban aljannazhi ga'a tso ba'a, aci ga to yangici sun-sun'u zhi la'zhin kin baenio.",data/raw\Speaker_id_6\nup_1098.txt,data/raw\Speaker_id_6\nup_1098.wav,Unknown,Unknown
Speaker_id_6,"A ma'a fe man'a kezhe, be evo yan azarfa zhi'i (yan yangici mannangi zhi) to kopu zhi nan zhie ban nan nan.",data/raw\Speaker_id_6\nup_1099.txt,data/raw\Speaker_id_6\nup_1099.wav,Unknown,Unknown
Speaker_id_6,"Evo wuncin zhi, a jin-a-jin' be azarfae, aci'u dan tsunwan be gwargwado bukata zandondoe.",data/raw\Speaker_id_6\nup_1100.txt,data/raw\Speaker_id_6\nup_1100.wav,Unknown,Unknown
Speaker_id_6,"A ma'a kezhe ya' nuwan, egye mannagi zhi fin, Nuwan egye wuncin, a zhin'u zhin ke ba, be ""zanjabi'la'e"".(Zanjabi'ila nuwan yan ekan' uyio, nan ela yangici de ekan sarauyin nan).",data/raw\Speaker_id_6\nup_1101.txt,data/raw\Speaker_id_6\nup_1101.wav,Unknown,Unknown
Speaker_id_6,Nuwan ndoci ke' danbo nan e yi gan salsabi'ila nan. (nan egi aljanna zhi a de fin nan).,data/raw\Speaker_id_6\nup_1102.txt,data/raw\Speaker_id_6\nup_1102.wav,Unknown,Unknown
Speaker_id_6,"Egi wawagi ndoci zhi, afe ma'egi mi aljanna zhi kezhe, (egi wuncin zhi, a ga jin tabbata ta eti dzakan bo'a bo be egye'a bo. Wo ga la eye cin'a le, Woa ye gan ko alulu'izhio nan'a gaya zhi-zhi nan.",data/raw\Speaker_id_6\nup_1103.txt,data/raw\Speaker_id_6\nup_1103.wav,Unknown,Unknown
Speaker_id_6,"Wo ga' yan nanzhi fi aljanna'o nan leye, wo'a le eyan ni'ima iri-iri zhi ye, ganni be mulki nan wanci sarauyin nan.",data/raw\Speaker_id_6\nup_1104.txt,data/raw\Speaker_id_6\nup_1104.wav,Unknown,Unknown
Speaker_id_6,"Tufuwa' nan tso latu gan nan,u ga yi yan silikio, nuwan aliga, U mae ban nan. Aci ga'a panin, be azarfa zhi. Baci wuncin'o, acia ke zhe ya'a nuwan lilici zhi fin.",data/raw\Speaker_id_6\nup_1105.txt,data/raw\Speaker_id_6\nup_1105.wav,Unknown,Unknown
Speaker_id_6,Etsu na wun mulki efo egagbaena,data/raw\Speaker_id_6\nup_1106.txt,data/raw\Speaker_id_6\nup_1106.wav,Unknown,Unknown
Speaker_id_6,"Akika egagba nan nan zhi kpata, yan ye' ayio. Akika etun nanzhi ye fe lo  izheo nan Sokoa yarda jin bea yin.",data/raw\Speaker_id_6\nup_1107.txt,data/raw\Speaker_id_6\nup_1107.wav,Unknown,Unknown
Speaker_id_6,"Akika, Yi ga cin Alkur'anu be ya wo nini nini'o.",data/raw\Speaker_id_6\nup_1108.txt,data/raw\Speaker_id_6\nup_1108.wav,Unknown,Unknown
Speaker_id_6,"(Annabi) a hakuri jin, be hukunci nanzhi Tsoci woe, la ya wo nan. Wo mao ga la mitu, za nanzhie' le Soko ba, to kafirizhi na ma.",data/raw\Speaker_id_6\nup_1109.txt,data/raw\Speaker_id_6\nup_1109.wav,Unknown,Unknown
Speaker_id_6,"Wo mao fe'o dokun, be yetuu yan Tsoci Wo yin, to lazhin to lozun.",data/raw\Speaker_id_6\nup_1110.txt,data/raw\Speaker_id_6\nup_1110.wav,Unknown,Unknown
Speaker_id_6,"Eye gaashi, fe dokun, be jin jin yan sujadae Wo mao feo li Soko lokaci nan lokpa nan, dan mini yeshio.",data/raw\Speaker_id_6\nup_1111.txt,data/raw\Speaker_id_6\nup_1111.wav,Unknown,Unknown
Speaker_id_6,"Akika, (kafirizhi to munafikizhi) za wuncin zhi kpata izhe nan fan'yin zo nan, ugae'e' de cin cin yao, acia efo nan tso lukpin sarauyin nan yaci zunmao.",data/raw\Speaker_id_6\nup_1112.txt,data/raw\Speaker_id_6\nup_1112.wav,Unknown,Unknown
Speaker_id_6,"Yi ga jin alitta'a o, Yicia' kagbo laa dan, gaba-gaba zhio. U ga ba Yi, Yi ga jin hallaka, Yici ga zandoci zhi jin (nanzhia fe jin bauta ya Soko nan).",data/raw\Speaker_id_6\nup_1113.txt,data/raw\Speaker_id_6\nup_1113.wav,Unknown,Unknown
Speaker_id_6,"Akika, aya nan nan zhi tukpa pa, ayio, za nan'u ga ba nan, ula gwa'u sun etun guruzhi'u fe'ulo, U ma'u ta eti eko nan Tsociu la cici nan.",data/raw\Speaker_id_6\nup_1114.txt,data/raw\Speaker_id_6\nup_1114.wav,Unknown,Unknown
Speaker_id_6,"Yandondo nan ma gae ba ye nan, sai u ga ba Soko shidzo bedzo. Akika Soko Etsu kpikpe uyio. Egba u ma yi dan jin jin yandondo bo.",data/raw\Speaker_id_6\nup_1115.txt,data/raw\Speaker_id_6\nup_1115.wav,Unknown,Unknown
Speaker_id_6,"Sokoa jin u la, za nan ga bau na, aa gandan mini yegun'u bo, Soko ma shiri yan azaba nan tan nan jin ka azwalumizhi.",data/raw\Speaker_id_6\nup_1116.txt,data/raw\Speaker_id_6\nup_1116.wav,Unknown,Unknown
Speaker_id_6,"Wo gbaogi ga yi-ejin bauta yao, be wo gaogi ma yib -ewa taimako",data/raw\Speaker_id_6\nup_1117.txt,data/raw\Speaker_id_6\nup_1117.wav,Unknown,Unknown
Speaker_id_6,(Soko) wu yi ba eko natso yi gboro na,data/raw\Speaker_id_6\nup_1118.txt,data/raw\Speaker_id_6\nup_1118.wav,Unknown,Unknown
Speaker_id_6,"Eko yan za nazhi wo la ni'ima woe twarya ya na. Ujin yan za nazhi wo zhe wun zhen wun be yin na'a, umajin yan zanazhia gbin eko gboro lugwa na'a.",data/raw\Speaker_id_6\nup_1119.txt,data/raw\Speaker_id_6\nup_1119.wav,Unknown,Unknown
Speaker_id_6,"Kpata yan nanzhi fi mini sanmazhio nan to nazhi fi kinbo nan, e'li Soko tsa tsa yin, Etsu mulki, Etsu lili, Etsu zankpe, Etsu nan yi egba (dan jin jin yandondo-o nan.",data/raw\Speaker_id_6\nup_1120.txt,data/raw\Speaker_id_6\nup_1120.wav,Unknown,Unknown
Speaker_id_6,"Sunan min yen ye Umaru , nupenchi miyo ,Kuma vunchi gayi ezhi minyon",data/raw\Speaker_id_6\nup_1121.txt,data/raw\Speaker_id_6\nup_1121.wav,Unknown,Unknown
Speaker_id_6,Ga tigi man Ena jin na jiani a chiga solo wa won,data/raw\Speaker_id_6\nup_1122.txt,data/raw\Speaker_id_6\nup_1122.wav,Unknown,Unknown
Speaker_id_6,Yaya bosoko minyen wa eko nan min ga nan evozhi nan,data/raw\Speaker_id_6\nup_1123.txt,data/raw\Speaker_id_6\nup_1123.wav,Unknown,Unknown
Speaker_id_6,"Kube lazhin Wasan lafiya, ke zamin yezhi jinan o",data/raw\Speaker_id_6\nup_1124.txt,data/raw\Speaker_id_6\nup_1124.wav,Unknown,Unknown
Speaker_id_6,Efin guwo be inni ga gun wo ga jin wosan mi me wa lo zhinin,data/raw\Speaker_id_6\nup_1125.txt,data/raw\Speaker_id_6\nup_1125.wav,Unknown,Unknown
Speaker_id_6,yi nan yi efo Sallah efo na zandondoe fa yangban nan,data/raw\Speaker_id_6\nup_1126.txt,data/raw\Speaker_id_6\nup_1126.wav,Unknown,Unknown
Speaker_id_6,"A edzu de na ko kuru a, kuru ga agena, ke wo ga a ku da kun o?",data/raw\Speaker_id_6\nup_1128.txt,data/raw\Speaker_id_6\nup_1128.wav,Unknown,Unknown
Speaker_id_6,A ela emi woro pa fini a:,data/raw\Speaker_id_6\nup_1129.txt,data/raw\Speaker_id_6\nup_1129.wav,Unknown,Unknown
Speaker_id_6,A ekun esi nyikankpinci ya eza mi a:,data/raw\Speaker_id_6\nup_1130.txt,data/raw\Speaker_id_6\nup_1130.wav,Unknown,Unknown
Speaker_id_6,"A ele 'bi, doko u sa waniko a:",data/raw\Speaker_id_6\nup_1131.txt,data/raw\Speaker_id_6\nup_1131.wav,Unknown,Unknown
Speaker_id_6,"A elo a 'mi lo na, a elo a nin a:",data/raw\Speaker_id_6\nup_1132.txt,data/raw\Speaker_id_6\nup_1132.wav,Unknown,Unknown
Speaker_id_6,Ajin a ce kpa kin yaba?,data/raw\Speaker_id_6\nup_1133.txt,data/raw\Speaker_id_6\nup_1133.wav,Unknown,Unknown
Speaker_id_6,A jin nyina ge ebo 'sun o:,data/raw\Speaker_id_6\nup_1134.txt,data/raw\Speaker_id_6\nup_1134.wav,Unknown,Unknown
Speaker_id_6,A lo lati zin be tsun a ma mma; a lo lati zin be tsun a ma yaya a:,data/raw\Speaker_id_6\nup_1135.txt,data/raw\Speaker_id_6\nup_1135.wav,Unknown,Unknown
Speaker_id_6,A ma 'gi dede a la ya makunduunnu a:,data/raw\Speaker_id_6\nup_1136.txt,data/raw\Speaker_id_6\nup_1136.wav,Unknown,Unknown
Speaker_id_6,Asa! Dunguru n de bida a:,data/raw\Speaker_id_6\nup_1137.txt,data/raw\Speaker_id_6\nup_1137.wav,Unknown,Unknown
Speaker_id_6,Asiada u ka fu nyi ma a:,data/raw\Speaker_id_6\nup_1138.txt,data/raw\Speaker_id_6\nup_1138.wav,Unknown,Unknown
Speaker_id_6,"A tu 'mi ka ye na, a tu mi ka tukpa a:",data/raw\Speaker_id_6\nup_1139.txt,data/raw\Speaker_id_6\nup_1139.wav,Unknown,Unknown
Speaker_id_6,"A yi we nna bakogi wo jin gaga, bise na ema guwo na sunkun?",data/raw\Speaker_id_6\nup_1140.txt,data/raw\Speaker_id_6\nup_1140.wav,Unknown,Unknown
Speaker_id_6,"Berebere ga, u le be ye, ebe ma ga u le wuntso ye bedzo:",data/raw\Speaker_id_6\nup_1141.txt,data/raw\Speaker_id_6\nup_1141.wav,Unknown,Unknown
Speaker_id_6,Bise sunsungi nya talaka wun ga yi nanko ruga wun o:,data/raw\Speaker_id_6\nup_1142.txt,data/raw\Speaker_id_6\nup_1142.wav,Unknown,Unknown
Speaker_id_6,Bise sunsungi nya zunzunka u kpe lugbe ye a; nna u kpe u ye:,data/raw\Speaker_id_6\nup_1143.txt,data/raw\Speaker_id_6\nup_1143.wav,Unknown,Unknown
Speaker_id_6,Boloboloko! Ebo bo nuwonjeci a :,data/raw\Speaker_id_6\nup_1144.txt,data/raw\Speaker_id_6\nup_1144.wav,Unknown,Unknown
Speaker_id_6,"Cigbe na a le be koko nyi na, kaga u zo gun a wun a zo mada:",data/raw\Speaker_id_6\nup_1145.txt,data/raw\Speaker_id_6\nup_1145.wav,Unknown,Unknown
Speaker_id_6,"Dagba ga a tsun ce, dagba ga a go wun o:",data/raw\Speaker_id_6\nup_1147.txt,data/raw\Speaker_id_6\nup_1147.wav,Unknown,Unknown
Speaker_id_6,"Daga fumfuruyi o, acin a ka nyika o",data/raw\Speaker_id_6\nup_1148.txt,data/raw\Speaker_id_6\nup_1148.wav,Unknown,Unknown
Speaker_id_6,"Dinniko ga yize yi vwonyi, edzu ga u yi finyi:",data/raw\Speaker_id_6\nup_1149.txt,data/raw\Speaker_id_6\nup_1149.wav,Unknown,Unknown
Speaker_id_6,"Ebi nu, u din fu ninmi wun a :",data/raw\Speaker_id_6\nup_1150.txt,data/raw\Speaker_id_6\nup_1150.wav,Unknown,Unknown
Speaker_id_6,Egban ga nya kin:,data/raw\Speaker_id_6\nup_1151.txt,data/raw\Speaker_id_6\nup_1151.wav,Unknown,Unknown
Speaker_id_6,"Egun na ta gorozo na, u gaga a edun u gbin o:",data/raw\Speaker_id_6\nup_1152.txt,data/raw\Speaker_id_6\nup_1152.wav,Unknown,Unknown
Speaker_id_6,"Egi wun a ga, ga, wun a ku 'wo nda u fa, u ga agba u kin",data/raw\Speaker_id_6\nup_1153.txt,data/raw\Speaker_id_6\nup_1153.wav,Unknown,Unknown
Speaker_id_6,Eti u lo etitso a :,data/raw\Speaker_id_6\nup_1154.txt,data/raw\Speaker_id_6\nup_1154.wav,Unknown,Unknown
Speaker_id_6,"Ewa ga u kpe binakun ye, tsukun kpe ga u:",data/raw\Speaker_id_6\nup_1155.txt,data/raw\Speaker_id_6\nup_1155.wav,Unknown,Unknown
Speaker_id_6,"Eya we ma 'koce we emanin, wo tswa 'fo na eko u a be gun be wotso nyi na:",data/raw\Speaker_id_6\nup_1156.txt,data/raw\Speaker_id_6\nup_1156.wav,Unknown,Unknown
Speaker_id_6,"Ewo ma yi nyada, gbatawo yi kasa:",data/raw\Speaker_id_6\nup_1157.txt,data/raw\Speaker_id_6\nup_1157.wav,Unknown,Unknown
Speaker_id_6,Eye din tswa u ce lazin a:,data/raw\Speaker_id_6\nup_1158.txt,data/raw\Speaker_id_6\nup_1158.wav,Unknown,Unknown
Speaker_id_6,Eza agban u ta a:,data/raw\Speaker_id_6\nup_1159.txt,data/raw\Speaker_id_6\nup_1159.wav,Unknown,Unknown
Speaker_id_6,Eza awunkpa daga 'zi babo a le u ye ezi ndoci bo a:,data/raw\Speaker_id_6\nup_1160.txt,data/raw\Speaker_id_6\nup_1160.wav,Unknown,Unknown
Speaker_id_6,"Eza eta ga, wasa u ma, wun a la gwa da emi 'wa bo a:",data/raw\Speaker_id_6\nup_1161.txt,data/raw\Speaker_id_6\nup_1161.wav,Unknown,Unknown
Speaker_id_6,"11.Tabiazhi yi ke yan za ba Fir'auna zhi na, to za nazhi shia dzo na, a aya yizhi yi ganmana, Soko ma cia wan be zunubiazhi, Soko ma Etsu uyio na gbata azabao na.",data/raw\Speaker_id_6\nup_1378.txt,data/raw\Speaker_id_6\nup_1378.wav,Unknown,Unknown
Speaker_id_6,"12.Gan ya za nazhia jin kafirinci na gan: Bele-yin agae zankpe, ama gae ku yekan da jahannama be ,bibi ma'ajin tabbata ya yantaci wuncin.",data/raw\Speaker_id_6\nup_1379.txt,data/raw\Speaker_id_6\nup_1379.wav,Unknown,Unknown
Speaker_id_6,"13.Akika aya (wanciko) wun'afe yaye dan mini jama'a guba nazhi gun be dozhi ekundao na jama'a kasan nini e'gun'kun ta eti eko Soko, kasan baci ma yan Kafirizhi'u yio, aci e leye gan'ajin (Musulumizhi) guba, lile ye yan. Soko mae la kagbo a ya za na ga Una be mae la kagbo a ya za na ga ba Una be Nasara Uyin.Akika mini wuncin'o eyan yekpa danbo ya zanazhi gayi eza baseera zhi na.",data/raw\Speaker_id_6\nup_1380.txt,data/raw\Speaker_id_6\nup_1380.wav,Unknown,Unknown
Speaker_id_6,"14.A wiwa yan eyan shahawazhi pa nini fi zawangizhi, yan yinzagizhi, egizhi to dukiya nazhi yi epa epazhi yan zinariya be azarfae na, to doko nazhia pa nin na, to dabbazhi to yangici sunsunzhi. Wuncinzhi kpata eyan emawo izhe ayio. Soko ma ebaugabo ezhe keba wangi dan'o.",data/raw\Speaker_id_6\nup_1381.txt,data/raw\Speaker_id_6\nup_1381.wav,Unknown,Unknown
Speaker_id_6,"15.Gan gan, kashi min yaye labari yan natsozhi de alheri gan wuncinzhina? Ya zanazhi ga sundan Soko na, Aljanna nazhi nuwan zhieje fi tako'abo na danbo ya'a eba yan Tsociabo, bagabo ma'afi tutunyin'o, To yinmizhi nazhi yi lilicizhina, ganni be yeda jin dagan eba Soko. Soko mae le wuzhizhi ye (be iri yan nazhi e'jin na.)",data/raw\Speaker_id_6\nup_1382.txt,data/raw\Speaker_id_6\nup_1382.wav,Unknown,Unknown
Speaker_id_6,"16.Za nazhie gan gan: Ya Woe Tsuci yi! Akika yi, yia imani jin, ebo acin'o fa be zunubiyizhi, Wo mao tswayi be azaba enae.",data/raw\Speaker_id_6\nup_1383.txt,data/raw\Speaker_id_6\nup_1383.wav,Unknown,Unknown
Speaker_id_6,"17.Za nazhie jin hakuri na, to za nazhi yi 'za gaskiya zhi na, to za nazhie dakpya na. To za nazhie ba gafara dan lokaci Asuba'abo na.",data/raw\Speaker_id_6\nup_1384.txt,data/raw\Speaker_id_6\nup_1384.wav,Unknown,Unknown
Speaker_id_6,"18.Soko jin ri kede ade Tsoci ndocia, saide Wyun na, to Malaikazhi, to eza kpikpezhi, nazhie la'kugikini be gaskiyae na, ade Tsoci ndocia saide Wyun'y, Etsu nayi Etsu zankpe na, Etsu nayi Etsu hikima na.",data/raw\Speaker_id_6\nup_1385.txt,data/raw\Speaker_id_6\nup_1385.wav,Unknown,Unknown
Speaker_id_6,"19.Akika, adini (eko izhe le) natso Soko jin yeda be yin na, U'gayi Musuluncio, Za nazhi ma ala litafi ya na, ace leba'a, saibaci na ilimi da be ya na, ebo yangban dede na dan tsakani'abo na,Zandondo na gae jin kafirinci be aya Soko zhi-na, to akika Soko faneba hisabi jin'o.",data/raw\Speaker_id_6\nup_1386.txt,data/raw\Speaker_id_6\nup_1386.wav,Unknown,Unknown
Speaker_id_6,"20.A ma ga gbomi be wo yin, wo gan gan: Mia alamari mi la'aya Soko, to za na maga gba mi na (acinga uyio). Wo mao gan'o ya za nazhi ala litafi ya na to zanazhi ma gba'a, ama maka'a na: Ngba ye yea kpatsun ta ya Soko?. To, akika, aga Kpatsun ta, ajin shiri dan'o na, amma'a aga bea zuma zheta, akika, yanna ta eti wobo na, ugayi yanwuo. Soko mae cin wuzhizhi le.",data/raw\Speaker_id_6\nup_1387.txt,data/raw\Speaker_id_6\nup_1387.wav,Unknown,Unknown
Speaker_id_6,"3.Wyun'a Litafi cin be'a ya woe ganni be gaskiyae, umae la gaskiya-bo yan (litafi) nazhi shiu dzo na wu, Uma cin Attaura be to Injeela.",data/raw\Speaker_id_6\nup_1388.txt,data/raw\Speaker_id_6\nup_1388.wav,Unknown,Unknown
Speaker_id_6,"21.Akika za nazhie jin kafirinci be aya Soko (zhiy)na, acie wu Annabizhi umayi be hakki ndondo yin'a na, acie wu za nazhie jin zazhi foro gan'ajin adalinci mini zawangizhio na, wo ga'ajin'oya bushara be azaba na tan sarauyin na.",data/raw\Speaker_id_6\nup_1389.txt,data/raw\Speaker_id_6\nup_1389.wav,Unknown,Unknown
Speaker_id_6,"22.Za wuncinzhi gayi, zanazhi etun'azhi a nyin ya izheo to ekuo nao, ama'ade za nazhia jin'a taimako na'a.",data/raw\Speaker_id_6\nup_1390.txt,data/raw\Speaker_id_6\nup_1390.wav,Unknown,Unknown
Speaker_id_6,"23.Ngba, wo cin le lo eba zanazhi ala robo ya mini litafi na'a?E'yia gan'abea tsun litafi Soko, Ebo'Udeba'ujin hukunci tsakani'abo, gancin jama'a ndocizhi miniabo cia zuma zheta, zheta, acie la 'pan ya ke gaskiya lugwa.",data/raw\Speaker_id_6\nup_1392.txt,data/raw\Speaker_id_6\nup_1392.wav,Unknown,Unknown
Speaker_id_6,"24.Wuncin ma yi ebo na, akika agan: Ena'adin yi yia, saide yan efo nazhi yi bibacizhi na, gancin ganmana nazhie tswa na cia ta ke adini jin wangi lugwa.",data/raw\Speaker_id_6\nup_1394.txt,data/raw\Speaker_id_6\nup_1394.wav,Unknown,Unknown
Speaker_id_6,"25.To ke wun'a yiyi nao, Yi ga be'a kuye kan, ya efo natso kelokezhin dan'a naayin'o? Acia gbata wo ya rayi ndondo yan woce na u ce na, ama'jin'a zwalunci (ekondondo boa).",data/raw\Speaker_id_6\nup_1395.txt,data/raw\Speaker_id_6\nup_1395.wav,Unknown,Unknown
Speaker_id_6,"26.Gan gan: Ya woe Soko, na wun mulki kpata na, woe la mulki aya za na ga ba wo na, wo mae gwo mulki be za na ga ba'o nae, wo mae la zankpe a ya za na ga ba'o na, wo mae gba zana ga ba'o na, alheri kpata egwa wyi bo'u fio. Akika wode i-ko ta eti yandondo.",data/raw\Speaker_id_6\nup_1396.txt,data/raw\Speaker_id_6\nup_1396.wav,Unknown,Unknown
Speaker_id_6,"27.Woe la yeshi a lo dan mini batin'o (igidio) wo mae la batin a lo dan mini yeshio, wo mae wa eyan be rayi a tinya dagan mini eyan tsutsucio, wo mae wa eyan tsutsuci tinya dagan mini yanna yi be rayi-na, wo mae la arziki a ya za na ga ba'o na umayi be lisafi yin'a.",data/raw\Speaker_id_6\nup_1398.txt,data/raw\Speaker_id_6\nup_1398.wav,Unknown,Unknown
Speaker_id_6,"28.Muminizhi'a ga kara la kafirizhi masoyizhi ma, zandondo na ma ga da jin' acin na, za wuncin'ade kinigiba ndondo ke dan eba Soko boa, saide uga'fe ebo yede bae tswa mini yezhi be yekan ndociy. Soko mae li ye dasun be eti tacin'u yin, ezhekeba kpata ma be'uyin udan'o.",data/raw\Speaker_id_6\nup_1400.txt,data/raw\Speaker_id_6\nup_1400.wav,Unknown,Unknown
Speaker_id_6,"29.Gan gan: Ye ga yannazhi fi yangban yezhio na swo, koma ye'u tula, soko kpe'u ye, uma kpe yanna fi samazhio to na fi kinbo kpata na ye, Soko ma, ude i-ko ta eti yandondo.",data/raw\Speaker_id_6\nup_1401.txt,data/raw\Speaker_id_6\nup_1401.wav,Unknown,Unknown
Speaker_id_6,"30.Efo na rayi ndondoa da tsun etun alheri nazhi ulo na, to nazhi ulo dede na, wyun'a jin guri gan, da aga'ade ekpa na lokpa na tsakaniubo be etun dede'uzhi, Soko mae li ye dan be eti tacin'uyin, gan ye tswa wyin. Soko ma Etsu to-sayi uyio be wuzhi zhiy.",data/raw\Speaker_id_6\nup_1402.txt,data/raw\Speaker_id_6\nup_1402.wav,Unknown,Unknown
Speaker_id_6,"4.Shidzo batsozhio, bawu a yio ya zawangizhi, u ma cin (Funruqanu) Litafi na la erikpe dan tsakani gaskiya be ganmanae na, Akika zanazhia jin kafirinci be aya Soko zhiy na, azaba na gbota na ga'ajin tabbata ya'a. Soko ma Etsu zankpe uyio, Etsu na yi be azaba na tsanni uyio.",data/raw\Speaker_id_6\nup_1403.txt,data/raw\Speaker_id_6\nup_1403.wav,Unknown,Unknown
Speaker_id_6,"31.Gan gan: Ye ga' fe gan ye' wa Soko (yan gaskiya) to, yea 'mi tu mi, Sokoa wa yetso, Uma'ajin ye gafara yan zunubiyezhi. Soko ma Etsu gafara uyio, Etsu yegun ma uyio.",data/raw\Speaker_id_6\nup_1405.txt,data/raw\Speaker_id_6\nup_1405.wav,Unknown,Unknown
Speaker_id_6,"32.Gan gan: ""Yea gba Soko, ye mae lae gba Tuci"". Ammaa, aga bea zuma zhe ta, to, akika Sokoe wa kafirizhia.",data/raw\Speaker_id_6\nup_1406.txt,data/raw\Speaker_id_6\nup_1406.wav,Unknown,Unknown
Speaker_id_6,"33.Akika Soko'a Adamu tsa, to Nuhu, to za'mi Ibrahima zhi, to za'mi Imaranuzhi ta eti alittazhio kpata.",data/raw\Speaker_id_6\nup_1407.txt,data/raw\Speaker_id_6\nup_1407.wav,Unknown,Unknown
Speaker_id_6,"34.Zuriyazhi ayio, sashiazhi afe dagan mini sashio. Soko ma Etsu nae wo na uyio, Etsu na kpe yandondo ye na uyio.",data/raw\Speaker_id_6\nup_1409.txt,data/raw\Speaker_id_6\nup_1409.wav,Unknown,Unknown
Speaker_id_6,"35.(wo mao pa) lokaci na yinmi Imranu gan gan: Tsoci, akika mi she 'mi yan alkawali ya woe, be yan na dan gbako mi bo na, kede miga'u ma, uga fe egi (na'ajin bawta ya woe,bae nio na). Ebo acin'o gwo (aduwa) mi. Akika, wo gayi Etsu nae wo yandondo nao, Etsu na ma kpe yandondo ye nao.",data/raw\Speaker_id_6\nup_1411.txt,data/raw\Speaker_id_6\nup_1411.wav,Unknown,Unknown
Speaker_id_6,"36.Kamina ubea egi ma na, uci gan: Tsoci, akika miu'ma yinzagi, Soko ma kpe yan na uma na gan wyun tso, Egi bagi ma ufe dozhin yinzagia. Akika, mi ma'u tu sunna Maryamu (egi na'a wun Soko gbaugi na), mi mae wa tswitswa ya'u be wo yin, to zuriya'uzhi, wo tswa'a be egun shetan yin, nayi eza cice yaci na.",data/raw\Speaker_id_6\nup_1413.txt,data/raw\Speaker_id_6\nup_1413.wav,Unknown,Unknown
Speaker_id_6,"37.Tsoci'u ci'u gwo, gwigwo wangi Uci'u la'sa sisa wangi Ucia kpikpa'u la'aya Zakariyau.Kandodo na Zakariyau ga gandan ebau bo masallacio na, wyun'ada tsun yangici zhi eba ubo. Uci gan: ya woe Maryamu! Daga babo nana fe be ya wo yao?. Uci gan: Dagan eba Soko bo'ufe beo. Akika Soko ela arziki a ya za na ga ba'u na umayi be lisafi yin'a.",data/raw\Speaker_id_6\nup_1415.txt,data/raw\Speaker_id_6\nup_1415.wav,Unknown,Unknown
Speaker_id_6,"38.Baga gabo Zakariyau yi Tsociu yeo. Ugan: Ya woe Tsoci mi! Twarya ya mi dagan nko wo bo yan zuriya wangi, akika woe, Etsu nae wo (Umae gwo) aduwa na wo yio.",data/raw\Speaker_id_6\nup_1416.txt,data/raw\Speaker_id_6\nup_1416.wav,Unknown,Unknown
Speaker_id_6,"39.Malaikazhi ci ta'mi yi'u kangama ugi gbaro dan masallacio (aci gan): Akika Sokoe ya'o bushara (yangban fa) be egi na a yi sunnau gan Yahya na, nama'a gaskiya ya be kalma na fe be dagan eba Soko na, umayi edzoshici, umayi 'za lilici, umayi Annabi na'afe dan mini za guru zhio na.",data/raw\Speaker_id_6\nup_1417.txt,data/raw\Speaker_id_6\nup_1417.wav,Unknown,Unknown
Speaker_id_6,"40. Ugan: Ya woe Tsoci mi! Ke egia ye dede ya mi nao, alali ma mia kuku'a ni nao? Yinmi mi mayi rama (za nae magia na). Ugan: Acinga ga Soko ajin ujin kedoe ga bau nao.",data/raw\Speaker_id_6\nup_1418.txt,data/raw\Speaker_id_6\nup_1418.wav,Unknown,Unknown
Speaker_id_6,"5.Akika Soko, yandondo swo'U dan mini kin boa, yando ma swo'U dan dan mini samaboa.",data/raw\Speaker_id_6\nup_1419.txt,data/raw\Speaker_id_6\nup_1419.wav,Unknown,Unknown
Speaker_id_6,"41.Ugan: Ya woe Tsoci mi! A'alama ndocizhi la'ashishi ya mi. Soko ci gan: Alama woe, wo'a gangan be zazhi yin'a har yan fo guta, saide be egwa tae (ko eti duy). Wo mao feo dokun be yetun Sokoe, wo mao feo li'u be tasbihi jin'y to lazhin.",data/raw\Speaker_id_6\nup_1420.txt,data/raw\Speaker_id_6\nup_1420.wav,Unknown,Unknown
Speaker_id_6,"42. Wo mao pa) To lokaci na malaikazhi gan: Ya woe Maryamu! Akika Sokoa wo tsa, uma wo tadzu, ucia wo tsa ta eti yinzagi alittazhio kpata.",data/raw\Speaker_id_6\nup_1421.txt,data/raw\Speaker_id_6\nup_1421.wav,Unknown,Unknown
Speaker_id_6,"43. Ya woe Maryamu! Fe' dakpya ya Tsoci woe, wo mao feo jin sujada, wo mao feo lo ruku gan ni be za nazhie lo ruku na.",data/raw\Speaker_id_6\nup_1422.txt,data/raw\Speaker_id_6\nup_1422.wav,Unknown,Unknown
Speaker_id_6,"44. Wuncizhi dan mini labari (gaibuzhio) nazhi yi swiswoci na, yi ye'jin'u wahyi be ya woe wo ma dan tacin'abo, kamina afe ce (kuria) be alkallan yin'azhi eti zana ga'kpa Maryamuo na'a wo ma dan tacin'abo lokacina a'fe jin husuma na'a.",data/raw\Speaker_id_6\nup_1423.txt,data/raw\Speaker_id_6\nup_1423.wav,Unknown,Unknown
Speaker_id_6,"45. Kamina malaikazhi gan: Ya woe Maryamu! Akika Sokoe jin woe bushara be egan'e dagan eba ubo: sunna'Uyi Masihu Isa egi Maryamu,eza daraja uyio dan izhe nanao to ekuo, umadan mini zanazhi yi za tsonba (Soko) zhi na.",data/raw\Speaker_id_6\nup_1424.txt,data/raw\Speaker_id_6\nup_1424.wav,Unknown,Unknown
Speaker_id_6,"46. Uma'afe gan gan be zawangizhi dan bobongi bo'u bo, to lokaci na uga zhe gbarufu na uma dan mini za guru Soko zhio.",data/raw\Speaker_id_6\nup_1425.txt,data/raw\Speaker_id_6\nup_1425.wav,Unknown,Unknown
Speaker_id_6,"47. Ugan: Ya woe Tsoci mi! ""Ke egia fefe ya mi nao, alali ma zawangi ndondo la' lagwa to mi yin' nao?"" Soko ci gan: Acinga ga Soko'ajin ujin alita yan yanna ga ba u nao, Uga hukunci ba eti jinjin yandocio, kawanyin wyun dea gan'u gan ""A fe"" Uci ga'fe.",data/raw\Speaker_id_6\nup_1426.txt,data/raw\Speaker_id_6\nup_1426.wav,Unknown,Unknown
Speaker_id_6,"48. Uma'ala ilimi yan litafi wu'u to hikimazhi, to Attaura to Inji'la.",data/raw\Speaker_id_6\nup_1427.txt,data/raw\Speaker_id_6\nup_1427.wav,Unknown,Unknown
Speaker_id_6,"49. Umau la'afe Tuci lo eba Banu Israilazhi (U gan'uya gan) kede akika mi be yaye be ayae dagan eba Tsoci yebo. Akika mia jin alita yaye dagan egun'o, ke kotonci elugi na, mi cia be efe fiu, uci ga zhe elugi be yeda Sokoe. Mi mae sa batan yan zana ama be yeboe na, to batan yan Soko gun'y, mi mae dan eyan tsutsuci rayi be yeda Sokoe. Mi ma'yae' labari yannazhi ye'gi na to yan nazhi ye'swo fi emi yezhio na. Akika , mini wuncin'o aya danbo ya ye wun'ayi Muminizhi ye yio na.",data/raw\Speaker_id_6\nup_1428.txt,data/raw\Speaker_id_6\nup_1428.wav,Unknown,Unknown
Speaker_id_6,"50. Mi mae ya gaskiya be yan nazhi be dan yegboro mi bo mini yan Attaurao na. Mi ma bebe ebo min'la sashi yannazhia la jin haramu yaye na, nzhe halalin yaye. Mima be yaye be aya ndociy, dagan eba Tsoci yebo. E bo acin'o, esundan Soko, ye mae fe' gba mi.",data/raw\Speaker_id_6\nup_1429.txt,data/raw\Speaker_id_6\nup_1429.wav,Unknown,Unknown
Speaker_id_6,"6.Wyun ga yi Etsu nae tswa ye dan mini ewanzhio kendoe ga ba U nao. Ade yandoci na'awun (be gaskiyae) na'a saide Wyun'y, na yi Etsu zankpe uma yi Etsu hikima na.",data/raw\Speaker_id_6\nup_1430.txt,data/raw\Speaker_id_6\nup_1430.wav,Unknown,Unknown
Speaker_id_6,51. Akika Soko ga yi Tsoci mi yin'o to Tsoci ye' ebo acin'o ejin bawta ya U. Nana ga yi eko gboro.,data/raw\Speaker_id_6\nup_1431.txt,data/raw\Speaker_id_6\nup_1431.wav,Unknown,Unknown
Speaker_id_6,"52. Gancin, Lokaci na Isa fe'wo sansan yan kafirinci dagan eba'abo na, Ugan: Zi-zhi a fe taimako jin ci mizhi lo eba (etun): Soko? Hawarizhi (taimako jinci Annabi Isa zhi) ci gan:Yi gayi za nazhi a jin be Sokoe, wo mao jin 'ri kede yi Musuumi zhi yi yio na.",data/raw\Speaker_id_6\nup_1432.txt,data/raw\Speaker_id_6\nup_1432.wav,Unknown,Unknown
Speaker_id_6,"53. Ya woe Tsoci yi! Yi yia imani jin be yan na Wo cin beyn na, Yima 'mitu Tuci (Woe) eboacin'o a yi ka keba be zanazhia eri jin na.",data/raw\Speaker_id_6\nup_1434.txt,data/raw\Speaker_id_6\nup_1434.wav,Unknown,Unknown
Speaker_id_6,"54. (Kafirizhima)A jin makirinci, Soko-otso ma gun bea yin be egagba yan makirinciy, Soko ga ma gan'o eba egagba yan makirinci bo.",data/raw\Speaker_id_6\nup_1435.txt,data/raw\Speaker_id_6\nup_1435.wav,Unknown,Unknown
Speaker_id_6,"55. Kamina Soko gan gan: Ya woe Isa! Akika, mia -- rayi be wo yin. Mi ma ga woe la be eba Mi, mi ma ga woe li dagan eba zanazhi jin kafirinci nao, Mi ma ga zanazhia mi tu wo na eti yan za azhi jin kafirinci nao, har da'fo na ajin Alkiyami na.Gancin ezhe keba ye ma eba Mi bo'u dan'o mi cia jin hukunci tsakani yebo dan mini yannazhi ye fe la'ace dozhi leba na.",data/raw\Speaker_id_6\nup_1436.txt,data/raw\Speaker_id_6\nup_1436.wav,Unknown,Unknown
Speaker_id_6,"56. Ammaade zanazhia jin kafirinci na, Mia jin'a azaba na gbota na dan mini izheo to ekuo. Amma'ade zanazhia jin'a taimako na'a.",data/raw\Speaker_id_6\nup_1437.txt,data/raw\Speaker_id_6\nup_1437.wav,Unknown,Unknown
Speaker_id_6,"57. Amma'ade zanazhi ga imani jin na, aci lo'tun wangizhi na, Soko ga laada'ala ya gungunci, Soko mae wa za nazhiejin zwalunci na'a.",data/raw\Speaker_id_6\nup_1438.txt,data/raw\Speaker_id_6\nup_1438.wav,Unknown,Unknown
Speaker_id_6,"58. Wuncin, yie gba'ugba ya woe, dagan mini ayazhio, to Tukpa pa na'ashe be hikimae na.",data/raw\Speaker_id_6\nup_1439.txt,data/raw\Speaker_id_6\nup_1439.wav,Unknown,Unknown
Speaker_id_6,"59. Akika kotonci yan Isa (kendoe Soko jin'u na)eba Soko , uyi ke kotonci yan (alitta) Adama na, Soko jin alitau dagan jikanao, gancin uci gan'u gan: ""A fe""ucia fe acin",data/raw\Speaker_id_6\nup_1440.txt,data/raw\Speaker_id_6\nup_1440.wav,Unknown,Unknown
Speaker_id_6,"60. Gaskiya de ma dagan eba Tsoci wo bo wun'e fe beo, Wo mao ga'afe dan mini zanazhie jin shakka na ma.",data/raw\Speaker_id_6\nup_1441.txt,data/raw\Speaker_id_6\nup_1441.wav,Unknown,Unknown
Speaker_id_6,"7.Wyun ga cin litafi be ya wo yo, miniu bo ayazhi danbo nazhi bayani hukunciazhi yi bibaci na, a ga dokun gan fi litafi bo, ndocizhi madanbo bayani hukuncizhi, be dozhi. Ammaa, za nazhi yangba'azhi a pan ke gaskiya lugwa na, elami-la-tu nazhi ga bedozhi miniubo na, ebo wiwa yan fitinao, be wiwa fasara eti etun yangba'o, zandondo ma kpe fasarau yan gaskiya yea saide Soko. Za nazhi ma'a shidu dan ilimio na, ajin afe gan: ""Yi yia imani jin be uyin, kpatau daga eba Tsuci yi bo ufe beo"". Amade za nazhie kpaye na'a saide eza ankalizhi.",data/raw\Speaker_id_6\nup_1442.txt,data/raw\Speaker_id_6\nup_1442.wav,Unknown,Unknown
Speaker_id_6,"61. Za na ma ga gbo 'mi be wo yin mini'ubo na, baci yan bayani na be ya woe yan ilimi na, t , gangan:E dabeyin, yi-yi egi yizhi to egi yezhi, to yinzagi yizhi to yinzagiyezhi, to yitso, to yetso, gancin yici da kpyi-iya Soko, yici ba la'ana Soko'y ta eti ganmana zuncizhio.",data/raw\Speaker_id_6\nup_1443.txt,data/raw\Speaker_id_6\nup_1443.wav,Unknown,Unknown
Speaker_id_6,"62. Akika nana gayi etan yan gaskiyao, amade Tsoci ndondoa saide Soko. Akika ma, Soko gayi Etsu zankpeo U ga mayi Etsu hikimao.",data/raw\Speaker_id_6\nup_1444.txt,data/raw\Speaker_id_6\nup_1444.wav,Unknown,Unknown
Speaker_id_6,"63. Ama ga bea zuma zheta to, akika Soko yi be kpikpe yan za nazhie nyin yan kpata na.",data/raw\Speaker_id_6\nup_1445.txt,data/raw\Speaker_id_6\nup_1445.wav,Unknown,Unknown
Speaker_id_6,"64. Gan gan: Ya ye za ba litafizhi! Edabe yi bey tsun egan nini, na mayi nini tsakani yi bo be ye yin na: Yi-ga jin bawta ya zandondo ma saide Soko . Yima'y ga la yandocia pa'u baci ma. Sashi yizhi ma'aga la sashi Tsocizhi ke Soko lugwa ma. Ama ga bea zuma zheta, to, ye ye gan gan: E jin ri ke de akika yi musulumizhi yi yio na.",data/raw\Speaker_id_6\nup_1446.txt,data/raw\Speaker_id_6\nup_1446.wav,Unknown,Unknown
Speaker_id_6,"65. Ya ye za ba litafizhi ki'ila ye cie gbomi eti Ibrahima bo? Ama cin Attaura be Inji'ilae zhin'a sai zuma'ubo, kashi ye de ankali dea?.",data/raw\Speaker_id_6\nup_1448.txt,data/raw\Speaker_id_6\nup_1448.wav,Unknown,Unknown
Speaker_id_6,"66. Ye' dan-na, ye gbomi dan mini yan na yetso kpe na, to, ki'ila ye cie gbomi dan mini yan na ye de ilimi wun'a na'yin'o? Soko ma yi be kpikpe ye ma kpea.",data/raw\Speaker_id_6\nup_1449.txt,data/raw\Speaker_id_6\nup_1449.wav,Unknown,Unknown
Speaker_id_6,"67. Ibrahimau fe Yahudia, Uma fe Nasara' amma'ade wyun'afe eza nae ya pa gaskiyana, na'a kpatsun ta ya foro Soko na, uma fe dan mini za nazhie la yan pa Soko baci na boa.",data/raw\Speaker_id_6\nup_1450.txt,data/raw\Speaker_id_6\nup_1450.wav,Unknown,Unknown
Speaker_id_6,"68. Akika, za nazhi gwoyin gan eba tsonbao be Ibrahimuy na, agayi za nazhia emi tu'u nao, to Annabi (Muhammad) na na, to za nazhia imani jin na. Soko ga ma yi Ndakata yan Muminizhio.",data/raw\Speaker_id_6\nup_1451.txt,data/raw\Speaker_id_6\nup_1451.wav,Unknown,Unknown
Speaker_id_6,"69. Jama'a ndocizhi mini zaba Litafizhio ajin guri na'aga ye gbin'na, a ma'a gbin zandondo sai de eti'atso, ammaa afe zanazhie wo sansan wuncin na'a.",data/raw\Speaker_id_6\nup_1452.txt,data/raw\Speaker_id_6\nup_1452.wav,Unknown,Unknown
Speaker_id_6,70. Ya ye zaba Litafizhi! Ki-la yecie jin kafirinci be aya Soko zhi yin'o alali ma ye tso jin ri ke gaskiya ayio nao?.,data/raw\Speaker_id_6\nup_1453.txt,data/raw\Speaker_id_6\nup_1453.wav,Unknown,Unknown
Speaker_id_6,"8.Tsoci yi! Ga pan yangban yi ke gaskiiya lugwa ma, baci na Wo'a yi wu ba'ni na ma, Wo ma'o twarya yegun'o yayi dagan nko wo bo, akika woe, Etsu ryatwa wo yio.",data/raw\Speaker_id_6\nup_1454.txt,data/raw\Speaker_id_6\nup_1454.wav,Unknown,Unknown
Speaker_id_6,"71. Ya ye zaba Litafizhi! Ki'la ye cie bo gaskiya keba be ganmana yin'o, ye cie la ganmana swo, yetso ma kpe (ke ganmana uyio nao?).",data/raw\Speaker_id_6\nup_1455.txt,data/raw\Speaker_id_6\nup_1455.wav,Unknown,Unknown
Speaker_id_6,"72. Jama'a ndocizhi mini zaba Litafizhio ci gan: Yea imani jin be yan na acin be ya zanazhia imani jin (be Muhammadui)na, 'caba yan yigidiy, yemae lae jin kafirinci beu yin zobau yin, ujin wo be wuncin'y atsoa dazhin.",data/raw\Speaker_id_6\nup_1456.txt,data/raw\Speaker_id_6\nup_1456.wav,Unknown,Unknown
Speaker_id_6,"73. Ye maega ya gaskiya ma, be za na 'mi tu adini ye na. gan gan: Akika yan bawu, ugayi bawu Soko. (ye gan wuncin gan)ebo abe gangan, ala'yan-ya zandocizhi iri natso ala yaye nama, koma ebo abe din hujja beyeyin yegboro Soko ma, Gan gan: Akika, falala (kpata) egwa Soko bo'o dan'o, Wyun'e lau'ya za na ga ba Una. Soko ma Etsu bagwo uyio Etsu ilimi uyio.",data/raw\Speaker_id_6\nup_1457.txt,data/raw\Speaker_id_6\nup_1457.wav,Unknown,Unknown
Speaker_id_6,"74. Wyun'e tsa za na ga ba'Una be yegun'Uyin, Soko ma Etsu yan falala uyio na wancin na.",data/raw\Speaker_id_6\nup_1458.txt,data/raw\Speaker_id_6\nup_1458.wav,Unknown,Unknown
Speaker_id_6,"74. Wyun'e tsa za na ga ba'Una be yegun'Uyin, Soko ma Etsu yan falala uyio na wancin na.",data/raw\Speaker_id_6\nup_1459.txt,data/raw\Speaker_id_6\nup_1459.wav,Unknown,Unknown
Speaker_id_6,"9.Ya wo Tsuci yi! Akika wo ga yi za na'aku zawangizhi yekan dan mini efo na kelo kezhin ndondo dan boa nao. Akika , Sokoe le lokaci alkawali ba'a.",data/raw\Speaker_id_6\nup_1460.txt,data/raw\Speaker_id_6\nup_1460.wav,Unknown,Unknown
Speaker_id_6,"10.Akika za na zhia jin kafirinci na, dukiya'azhi to egiazhi a kunke ya'a wo be yandondoe eba Soko boa, a wuncinzhima, agayi emi (be cigbantun) yan ena zhio.",data/raw\Speaker_id_6\nup_1461.txt,data/raw\Speaker_id_6\nup_1461.wav,Unknown,Unknown
Speaker_id_7,Mi a le gun kata nna,data/raw\Speaker_id_7\nup_1162.txt,data/raw\Speaker_id_7\nup_1162.wav,Unknown,Unknown
Speaker_id_7,ade ka rayi nini a,data/raw\Speaker_id_7\nup_1163.txt,data/raw\Speaker_id_7\nup_1163.wav,Unknown,Unknown
Speaker_id_7,ba za gu kin na ye yina,data/raw\Speaker_id_7\nup_1164.txt,data/raw\Speaker_id_7\nup_1164.wav,Unknown,Unknown
Speaker_id_7,miye wa we,data/raw\Speaker_id_7\nup_1165.txt,data/raw\Speaker_id_7\nup_1165.wav,Unknown,Unknown
Speaker_id_7,mi jin ndondo a,data/raw\Speaker_id_7\nup_1166.txt,data/raw\Speaker_id_7\nup_1166.wav,Unknown,Unknown
Speaker_id_7,taya keke miya zo efe,data/raw\Speaker_id_7\nup_1167.txt,data/raw\Speaker_id_7\nup_1167.wav,Unknown,Unknown
Speaker_id_7,john wankpe yendochi eti mr black o,data/raw\Speaker_id_7\nup_1168.txt,data/raw\Speaker_id_7\nup_1168.wav,Unknown,Unknown
Speaker_id_7,a minye be dana,data/raw\Speaker_id_7\nup_1169.txt,data/raw\Speaker_id_7\nup_1169.wav,Unknown,Unknown
Speaker_id_7,mi gan yendondo a wunga la uncchya yewun o,data/raw\Speaker_id_7\nup_1170.txt,data/raw\Speaker_id_7\nup_1170.wav,Unknown,Unknown
Speaker_id_7,kila wochi jin achion?,data/raw\Speaker_id_7\nup_1171.txt,data/raw\Speaker_id_7\nup_1171.wav,Unknown,Unknown
Speaker_id_7,tom de emi be kata guba e,data/raw\Speaker_id_7\nup_1172.txt,data/raw\Speaker_id_7\nup_1172.wav,Unknown,Unknown
Speaker_id_7,Mi de wo em nyina a wuncin ma eka mi gba nyide sun a,data/raw\Speaker_id_7\nup_1173.txt,data/raw\Speaker_id_7\nup_1173.wav,Unknown,Unknown
Speaker_id_7,wo kin unyo?,data/raw\Speaker_id_7\nup_1174.txt,data/raw\Speaker_id_7\nup_1174.wav,Unknown,Unknown
Speaker_id_7,Cigban na ma na na u ko a,data/raw\Speaker_id_7\nup_1175.txt,data/raw\Speaker_id_7\nup_1175.wav,Unknown,Unknown
Speaker_id_7,Gamana ta ga tin,data/raw\Speaker_id_7\nup_1176.txt,data/raw\Speaker_id_7\nup_1176.wav,Unknown,Unknown
Speaker_id_7,Eti uetitso a,data/raw\Speaker_id_7\nup_1177.txt,data/raw\Speaker_id_7\nup_1177.wav,Unknown,Unknown
Speaker_id_7,Eza a lele ke o wun a sale ke o,data/raw\Speaker_id_7\nup_1178.txt,data/raw\Speaker_id_7\nup_1178.wav,Unknown,Unknown
Speaker_id_7,Ajin a ta ga mi kansana ?,data/raw\Speaker_id_7\nup_1179.txt,data/raw\Speaker_id_7\nup_1179.wav,Unknown,Unknown
Speaker_id_7,Eya yigbechi yigbechi u yi o,data/raw\Speaker_id_7\nup_1180.txt,data/raw\Speaker_id_7\nup_1180.wav,Unknown,Unknown
Speaker_id_7,bosoko gan yendondo yam -mrs?,data/raw\Speaker_id_7\nup_1181.txt,data/raw\Speaker_id_7\nup_1181.wav,Unknown,Unknown
Speaker_id_7,ele fe sheshe gbani,data/raw\Speaker_id_7\nup_1182.txt,data/raw\Speaker_id_7\nup_1182.wav,Unknown,Unknown
Speaker_id_7,kubetin Daisy kubetin be,data/raw\Speaker_id_7\nup_1183.txt,data/raw\Speaker_id_7\nup_1183.wav,Unknown,Unknown
Speaker_id_7,gbani Daisy fewo ena ganan wangi yin,data/raw\Speaker_id_7\nup_1184.txt,data/raw\Speaker_id_7\nup_1184.wav,Unknown,Unknown
Speaker_id_7,in jin sai woga yi minya,data/raw\Speaker_id_7\nup_1185.txt,data/raw\Speaker_id_7\nup_1185.wav,Unknown,Unknown
Speaker_id_7,bere yan nyizagi etunlochi yan frannk,data/raw\Speaker_id_7\nup_1186.txt,data/raw\Speaker_id_7\nup_1186.wav,Unknown,Unknown
Speaker_id_7,amma kamikichi wanzhion daisy a jin nacewa,data/raw\Speaker_id_7\nup_1187.txt,data/raw\Speaker_id_7\nup_1187.wav,Unknown,Unknown
Speaker_id_7,Daisy a jin damuwa,data/raw\Speaker_id_7\nup_1188.txt,data/raw\Speaker_id_7\nup_1188.wav,Unknown,Unknown
Speaker_id_7,a ewo u ya kpata -kawai kanyami bana minya ludana,data/raw\Speaker_id_7\nup_1189.txt,data/raw\Speaker_id_7\nup_1189.wav,Unknown,Unknown
Speaker_id_7,Yi mau tswa dagan egun shetan na yi eza cice yaci na,data/raw\Speaker_id_7\nup_1190.txt,data/raw\Speaker_id_7\nup_1190.wav,Unknown,Unknown
Speaker_id_7,Eyan tsutsucizhi ayio eyan be rayizhi yina amakpe lokaci na a sana naa,data/raw\Speaker_id_7\nup_1191.txt,data/raw\Speaker_id_7\nup_1191.wav,Unknown,Unknown
Speaker_id_7,Kandondo na wyo gaa gba Alkuranu na wa etswa be Sokoe dagan egun shetan nayi eza cice yaci na,data/raw\Speaker_id_7\nup_1192.txt,data/raw\Speaker_id_7\nup_1192.wav,Unknown,Unknown
Speaker_id_7,unjin sai wo ga wa eda a,data/raw\Speaker_id_7\nup_1193.txt,data/raw\Speaker_id_7\nup_1193.wav,Unknown,Unknown
Speaker_id_7,wo de yamma sarayin,data/raw\Speaker_id_7\nup_1194.txt,data/raw\Speaker_id_7\nup_1194.wav,Unknown,Unknown
Speaker_id_7,fochi a man woyo?,data/raw\Speaker_id_7\nup_1195.txt,data/raw\Speaker_id_7\nup_1195.wav,Unknown,Unknown
Speaker_id_7,miya la keke yawe efo manchi wobo?,data/raw\Speaker_id_7\nup_1196.txt,data/raw\Speaker_id_7\nup_1196.wav,Unknown,Unknown
Speaker_id_7,wa manmi dictionary we?,data/raw\Speaker_id_7\nup_1197.txt,data/raw\Speaker_id_7\nup_1197.wav,Unknown,Unknown
Speaker_id_7,miya la endondo ne we wa na ya we,data/raw\Speaker_id_7\nup_1198.txt,data/raw\Speaker_id_7\nup_1198.wav,Unknown,Unknown
Speaker_id_7,etan danbwa riba danbwa,data/raw\Speaker_id_7\nup_1199.txt,data/raw\Speaker_id_7\nup_1199.wav,Unknown,Unknown
Speaker_id_7,Cincin tÃº na,data/raw\Speaker_id_7\nup_1200.txt,data/raw\Speaker_id_7\nup_1200.wav,Unknown,Unknown
Speaker_id_7,ye le eyan ye kanyi kanyi koyi ga yi ewodecho ko talaka,data/raw\Speaker_id_7\nup_1201.txt,data/raw\Speaker_id_7\nup_1201.wav,Unknown,Unknown
Speaker_id_7,ewo jin endondo a,data/raw\Speaker_id_7\nup_1202.txt,data/raw\Speaker_id_7\nup_1202.wav,Unknown,Unknown
Speaker_id_7,kagan wo dinya yiga makara,data/raw\Speaker_id_7\nup_1203.txt,data/raw\Speaker_id_7\nup_1203.wav,Unknown,Unknown
Speaker_id_7,kami na wa nan na tun,data/raw\Speaker_id_7\nup_1204.txt,data/raw\Speaker_id_7\nup_1204.wav,Unknown,Unknown
Speaker_id_7,kiyi tempereature?,data/raw\Speaker_id_7\nup_1205.txt,data/raw\Speaker_id_7\nup_1205.wav,Unknown,Unknown
Speaker_id_7,mi jin tuhuma gan wa wu,data/raw\Speaker_id_7\nup_1206.txt,data/raw\Speaker_id_7\nup_1206.wav,Unknown,Unknown
Speaker_id_7,chi le! mota bya ni,data/raw\Speaker_id_7\nup_1207.txt,data/raw\Speaker_id_7\nup_1207.wav,Unknown,Unknown
Speaker_id_7,kena un ka be emi english i na wanzo yin ba a,data/raw\Speaker_id_7\nup_1208.txt,data/raw\Speaker_id_7\nup_1208.wav,Unknown,Unknown
Speaker_id_7,emi e la dinna,data/raw\Speaker_id_7\nup_1209.txt,data/raw\Speaker_id_7\nup_1209.wav,Unknown,Unknown
Speaker_id_7,egi gukin wo deo?,data/raw\Speaker_id_7\nup_1210.txt,data/raw\Speaker_id_7\nup_1210.wav,Unknown,Unknown
Speaker_id_7,miya zhin gbani,data/raw\Speaker_id_7\nup_1211.txt,data/raw\Speaker_id_7\nup_1211.wav,Unknown,Unknown
Speaker_id_7,zane kpitun ndondo na wen kpe ndondo a,data/raw\Speaker_id_7\nup_1212.txt,data/raw\Speaker_id_7\nup_1212.wav,Unknown,Unknown
Speaker_id_7,endondo na gajin na mita zumma wo bo,data/raw\Speaker_id_7\nup_1213.txt,data/raw\Speaker_id_7\nup_1213.wav,Unknown,Unknown
Speaker_id_7,kiyi temperature?,data/raw\Speaker_id_7\nup_1214.txt,data/raw\Speaker_id_7\nup_1214.wav,Unknown,Unknown
Speaker_id_7,bosoko ka sunna we be pencil i?,data/raw\Speaker_id_7\nup_1215.txt,data/raw\Speaker_id_7\nup_1215.wav,Unknown,Unknown
Speaker_id_7,english gboka injin achya?,data/raw\Speaker_id_7\nup_1216.txt,data/raw\Speaker_id_7\nup_1216.wav,Unknown,Unknown
Speaker_id_7,eganzhi dokun mini englishio a dyu de mini latin bo,data/raw\Speaker_id_7\nup_1217.txt,data/raw\Speaker_id_7\nup_1217.wav,Unknown,Unknown
Speaker_id_7,mi dan bane chi film le nao,data/raw\Speaker_id_7\nup_1218.txt,data/raw\Speaker_id_7\nup_1218.wav,Unknown,Unknown
Speaker_id_7,babo tsoba na mya jin call nao,data/raw\Speaker_id_7\nup_1219.txt,data/raw\Speaker_id_7\nup_1219.wav,Unknown,Unknown
Speaker_id_7,yi ga la be minni sati nna o,data/raw\Speaker_id_7\nup_1220.txt,data/raw\Speaker_id_7\nup_1220.wav,Unknown,Unknown
Speaker_id_7,yide lokachi kya nyi ya,data/raw\Speaker_id_7\nup_1221.txt,data/raw\Speaker_id_7\nup_1221.wav,Unknown,Unknown
Speaker_id_7,miye zhe ewo,data/raw\Speaker_id_7\nup_1222.txt,data/raw\Speaker_id_7\nup_1222.wav,Unknown,Unknown
Speaker_id_7,goga wo,data/raw\Speaker_id_7\nup_1223.txt,data/raw\Speaker_id_7\nup_1223.wav,Unknown,Unknown
Speaker_id_7,mide yendodo jin be alamari nnaya,data/raw\Speaker_id_7\nup_1224.txt,data/raw\Speaker_id_7\nup_1224.wav,Unknown,Unknown
Speaker_id_7,fitila la be etiu yin,data/raw\Speaker_id_7\nup_1225.txt,data/raw\Speaker_id_7\nup_1225.wav,Unknown,Unknown
Speaker_id_7,ke we wona?,data/raw\Speaker_id_7\nup_1226.txt,data/raw\Speaker_id_7\nup_1226.wav,Unknown,Unknown
Speaker_id_7,A achinga,data/raw\Speaker_id_7\nup_1227.txt,data/raw\Speaker_id_7\nup_1227.wav,Unknown,Unknown
Speaker_id_7,kujin bo shawura yanmi boa ade ga gbin,data/raw\Speaker_id_7\nup_1228.txt,data/raw\Speaker_id_7\nup_1228.wav,Unknown,Unknown
Speaker_id_7,miya fe da gbani,data/raw\Speaker_id_7\nup_1229.txt,data/raw\Speaker_id_7\nup_1229.wav,Unknown,Unknown
Speaker_id_7,ga kpe gikini be man,data/raw\Speaker_id_7\nup_1230.txt,data/raw\Speaker_id_7\nup_1230.wav,Unknown,Unknown
Speaker_id_7,mi la kpe to gbania,data/raw\Speaker_id_7\nup_1231.txt,data/raw\Speaker_id_7\nup_1231.wav,Unknown,Unknown
Speaker_id_7,mr white a tun tokyo efin guwo be gafi i,data/raw\Speaker_id_7\nup_1232.txt,data/raw\Speaker_id_7\nup_1232.wav,Unknown,Unknown
Speaker_id_7,a tu rome fonni ya,data/raw\Speaker_id_7\nup_1233.txt,data/raw\Speaker_id_7\nup_1233.wav,Unknown,Unknown
Speaker_id_7,Bida ga mi febe o,data/raw\Speaker_id_7\nup_1234.txt,data/raw\Speaker_id_7\nup_1234.wav,Unknown,Unknown
Speaker_id_7,miye wa we saranyi,data/raw\Speaker_id_7\nup_1235.txt,data/raw\Speaker_id_7\nup_1235.wav,Unknown,Unknown
Speaker_id_7,ki woye jiyon?,data/raw\Speaker_id_7\nup_1236.txt,data/raw\Speaker_id_7\nup_1236.wav,Unknown,Unknown
Speaker_id_7,miye ge yan,data/raw\Speaker_id_7\nup_1237.txt,data/raw\Speaker_id_7\nup_1237.wav,Unknown,Unknown
Speaker_id_7,yekpa dede nyi etun,data/raw\Speaker_id_7\nup_1238.txt,data/raw\Speaker_id_7\nup_1238.wav,Unknown,Unknown
Speaker_id_7,mi kpa ka guta,data/raw\Speaker_id_7\nup_1239.txt,data/raw\Speaker_id_7\nup_1239.wav,Unknown,Unknown
Speaker_id_7,minye tun egya,data/raw\Speaker_id_7\nup_1240.txt,data/raw\Speaker_id_7\nup_1240.wav,Unknown,Unknown
Speaker_id_7,woya ye lugwa,data/raw\Speaker_id_7\nup_1241.txt,data/raw\Speaker_id_7\nup_1241.wav,Unknown,Unknown
Speaker_id_7,ele du,data/raw\Speaker_id_7\nup_1242.txt,data/raw\Speaker_id_7\nup_1242.wav,Unknown,Unknown
Speaker_id_7,kube tin,data/raw\Speaker_id_7\nup_1243.txt,data/raw\Speaker_id_7\nup_1243.wav,Unknown,Unknown
Speaker_id_7,wan fe yeko,data/raw\Speaker_id_7\nup_1244.txt,data/raw\Speaker_id_7\nup_1244.wav,Unknown,Unknown
Speaker_id_7,un jin anfanni a,data/raw\Speaker_id_7\nup_1245.txt,data/raw\Speaker_id_7\nup_1245.wav,Unknown,Unknown
Speaker_id_7,gan ya mi,data/raw\Speaker_id_7\nup_1246.txt,data/raw\Speaker_id_7\nup_1246.wav,Unknown,Unknown
Speaker_id_7,wo fa?,data/raw\Speaker_id_7\nup_1247.txt,data/raw\Speaker_id_7\nup_1247.wav,Unknown,Unknown
Speaker_id_7,ki woye jin o?,data/raw\Speaker_id_7\nup_1248.txt,data/raw\Speaker_id_7\nup_1248.wav,Unknown,Unknown
Speaker_id_7,woya be nunguchi we,data/raw\Speaker_id_7\nup_1249.txt,data/raw\Speaker_id_7\nup_1249.wav,Unknown,Unknown
Speaker_id_7,li racket na ba wo na,data/raw\Speaker_id_7\nup_1250.txt,data/raw\Speaker_id_7\nup_1250.wav,Unknown,Unknown
Speaker_id_7,eni ko yan we la enikochi gba,data/raw\Speaker_id_7\nup_1251.txt,data/raw\Speaker_id_7\nup_1251.wav,Unknown,Unknown
Speaker_id_7,mi leye gan woya jin wa a,data/raw\Speaker_id_7\nup_1252.txt,data/raw\Speaker_id_7\nup_1252.wav,Unknown,Unknown
Speaker_id_7,mi leye gan woya jin wa a,data/raw\Speaker_id_7\nup_1253.txt,data/raw\Speaker_id_7\nup_1253.wav,Unknown,Unknown
Speaker_id_7,mide ewo a amma mide ena,data/raw\Speaker_id_7\nup_1254.txt,data/raw\Speaker_id_7\nup_1254.wav,Unknown,Unknown
Speaker_id_7,mi na ena yan we,data/raw\Speaker_id_7\nup_1255.txt,data/raw\Speaker_id_7\nup_1255.wav,Unknown,Unknown
Speaker_id_7,ewo a shi ngbanfa wa,data/raw\Speaker_id_7\nup_1256.txt,data/raw\Speaker_id_7\nup_1256.wav,Unknown,Unknown
Speaker_id_7,ewo a shi ngbanfa wa,data/raw\Speaker_id_7\nup_1257.txt,data/raw\Speaker_id_7\nup_1257.wav,Unknown,Unknown
Speaker_id_7,wode map yan ezhi,data/raw\Speaker_id_7\nup_1258.txt,data/raw\Speaker_id_7\nup_1258.wav,Unknown,Unknown
Speaker_id_7,shakka danbo a aga bill lazheban,data/raw\Speaker_id_7\nup_1259.txt,data/raw\Speaker_id_7\nup_1259.wav,Unknown,Unknown
Speaker_id_7,nan kin,data/raw\Speaker_id_7\nup_1260.txt,data/raw\Speaker_id_7\nup_1260.wav,Unknown,Unknown
Speaker_id_7,ekpa eya latun a,data/raw\Speaker_id_7\nup_1261.txt,data/raw\Speaker_id_7\nup_1261.wav,Unknown,Unknown
Speaker_id_7,aye dan mini we,data/raw\Speaker_id_7\nup_1262.txt,data/raw\Speaker_id_7\nup_1262.wav,Unknown,Unknown
Speaker_id_7,nasarazhi befi kin edo o,data/raw\Speaker_id_7\nup_1263.txt,data/raw\Speaker_id_7\nup_1263.wav,Unknown,Unknown
Speaker_id_7,yi ngangan eti eyan dokun o,data/raw\Speaker_id_7\nup_1264.txt,data/raw\Speaker_id_7\nup_1264.wav,Unknown,Unknown
Speaker_id_7,ki woye jin lokachi na wa jin yandodo a no,data/raw\Speaker_id_7\nup_1265.txt,data/raw\Speaker_id_7\nup_1265.wav,Unknown,Unknown
Speaker_id_7,ki woye gan o,data/raw\Speaker_id_7\nup_1266.txt,data/raw\Speaker_id_7\nup_1266.wav,Unknown,Unknown
Speaker_id_7,edu na shina e shidu,data/raw\Speaker_id_7\nup_1267.txt,data/raw\Speaker_id_7\nup_1267.wav,Unknown,Unknown
Speaker_id_7,a mi ya!,data/raw\Speaker_id_7\nup_1268.txt,data/raw\Speaker_id_7\nup_1268.wav,Unknown,Unknown
Speaker_id_7,ga la egwa shikan a zun eye man,data/raw\Speaker_id_7\nup_1269.txt,data/raw\Speaker_id_7\nup_1269.wav,Unknown,Unknown
Speaker_id_7,station dan tatachin ya ezhio,data/raw\Speaker_id_7\nup_1270.txt,data/raw\Speaker_id_7\nup_1270.wav,Unknown,Unknown
Speaker_id_7,miya jin ene e fin na,data/raw\Speaker_id_7\nup_1271.txt,data/raw\Speaker_id_7\nup_1271.wav,Unknown,Unknown
Speaker_id_7,wajin mi alfarma?,data/raw\Speaker_id_7\nup_1272.txt,data/raw\Speaker_id_7\nup_1272.wav,Unknown,Unknown
Speaker_id_7,yendondo jian ko,data/raw\Speaker_id_7\nup_1273.txt,data/raw\Speaker_id_7\nup_1273.wav,Unknown,Unknown
Speaker_id_7,mr Ito wu etan?,data/raw\Speaker_id_7\nup_1274.txt,data/raw\Speaker_id_7\nup_1274.wav,Unknown,Unknown
Speaker_id_7,mide dictionary wangia a,data/raw\Speaker_id_7\nup_1275.txt,data/raw\Speaker_id_7\nup_1275.wav,Unknown,Unknown
Speaker_id_7,fitila la be etiu yin,data/raw\Speaker_id_7\nup_1276.txt,data/raw\Speaker_id_7\nup_1276.wav,Unknown,Unknown
Speaker_id_7,zana ga matsan karshe na ga matsan wangi gan o,data/raw\Speaker_id_7\nup_1277.txt,data/raw\Speaker_id_7\nup_1277.wav,Unknown,Unknown
Speaker_id_7,miga kpekpe miga ganya we,data/raw\Speaker_id_7\nup_1278.txt,data/raw\Speaker_id_7\nup_1278.wav,Unknown,Unknown
Speaker_id_7,jin mi gyara miga jin kuskure nan,data/raw\Speaker_id_7\nup_1279.txt,data/raw\Speaker_id_7\nup_1279.wav,Unknown,Unknown
Speaker_id_7,kujin gaskiya gammana zhubchi wunyo,data/raw\Speaker_id_7\nup_1280.txt,data/raw\Speaker_id_7\nup_1280.wav,Unknown,Unknown
Speaker_id_7,aa kubetin,data/raw\Speaker_id_7\nup_1281.txt,data/raw\Speaker_id_7\nup_1281.wav,Unknown,Unknown
Speaker_id_7,lugwa miyin chi lo,data/raw\Speaker_id_7\nup_1282.txt,data/raw\Speaker_id_7\nup_1282.wav,Unknown,Unknown
Speaker_id_7,min ye wa sugar guta madara mi bo,data/raw\Speaker_id_7\nup_1283.txt,data/raw\Speaker_id_7\nup_1283.wav,Unknown,Unknown
Speaker_id_7,wunga tinya tsotso,data/raw\Speaker_id_7\nup_1284.txt,data/raw\Speaker_id_7\nup_1284.wav,Unknown,Unknown
Speaker_id_7,wan gun eya guta ni nan bob chya sanaa nan,data/raw\Speaker_id_7\nup_1285.txt,data/raw\Speaker_id_7\nup_1285.wav,Unknown,Unknown
Speaker_id_7,Keye sunna wo yo?,data/raw\Speaker_id_7\nup_1286.txt,data/raw\Speaker_id_7\nup_1286.wav,Unknown,Unknown
Speaker_id_7,Za gukin ye yo?,data/raw\Speaker_id_7\nup_1287.txt,data/raw\Speaker_id_7\nup_1287.wav,Unknown,Unknown
Speaker_id_7,egi yan zabaci mi be tsuwo wunci gan min la eyangici yanwun mima eyangici la yanwun eginna fe tigi mikpe ena mijin eginna na amma dai soko danbo,data/raw\Speaker_id_7\nup_1358.txt,data/raw\Speaker_id_7\nup_1358.wav,Unknown,Unknown
Speaker_id_7,kawoga sanle lazhin ndondo woche gan ewo ya makobtawozhi woche la eyangici ya woche jin eyan mana ya unjin za kpata a wawe ya zandochozhi woga zhe zunman wanmatsan man wanmatsan kpewe zandonchia giwo toko zandonchia gan zan nna man wanya a wunde la ewo ya Amma yendondo Nan wanjin yizhe nna o wojin ebo soko o ebona ba wunchin ga lada a byo,data/raw\Speaker_id_7\nup_1359.txt,data/raw\Speaker_id_7\nup_1359.wav,Unknown,Unknown
Speaker_id_7,kpatayi gazo be yizhe nna lafiya in Sha Allah nasara man yi yenbayi in Sha Allah Amma sai yiga lotun gangani ebona zandochozhi Ade ena amanjin nan amman de ena amanjin na a be ilimi Yan zannae be kagbo Yan zawunchi e be hali Yan zannae be hali Yan zawunchi e unga yiga wunga yia labe kpata o yichi lotun wangi o yichi a le nasara yo dole man sai yiga jin yarda be zazhi kchia etunyi ya gia yi ma gi nasara wunchi Yan,data/raw\Speaker_id_7\nup_1360.txt,data/raw\Speaker_id_7\nup_1360.wav,Unknown,Unknown
Speaker_id_7,yendono nan wogajin mallaka yizhe nna o fejin yebo ya soko ebona zandochozhi de wunchia zandochozhi men ba aduwa gan Ade Amma we wela ena wodena gbaye fona man soko ga manwochilena,data/raw\Speaker_id_7\nup_1361.txt,data/raw\Speaker_id_7\nup_1361.wav,Unknown,Unknown
Speaker_id_7,Hawa lo dzuko tswuwo unchi shi kayazhi dokun har dubu Dari biyu tutu wunchya kaya yadan keke napep nawun gadan Nan gbaninna to kara yalada karotazhi yima kara lada police station zandondo naga leye na amma toh gbaninna ala le kaya ya Amma wo labari a Aisha me tigi dannan ke zana ala rayu Nan mide kpe ena ya ganyu na ebona yi kpe gan dubu Dari biyu tan Amma wan ya yendondo ya soko,data/raw\Speaker_id_7\nup_1362.txt,data/raw\Speaker_id_7\nup_1362.wav,Unknown,Unknown
Speaker_id_7,Bosoko babo woshi takada nna o ebona gaskiya takada nna manfi mi me wagan mitso a shi wakpin eyanzhi kakayin Dan takada nna o kashi wa man win wan man mi Yan sati nni migada kpin Minya kpin na Minya labe yawe kashi wa ganyami bana woga shi nan ebona mitso a ga shi kagan u manlo a Nan,data/raw\Speaker_id_7\nup_1363.txt,data/raw\Speaker_id_7\nup_1363.wav,Unknown,Unknown
Speaker_id_7,min wogan eba zainab ya kima zainab jin achinga o wunchya ya zainab o zainab de hakuri ni kashi zabaci u yo kila ewunsun a be o eba chya zainab ya o fochi ajin yawo o yawo na Latun ka atswa guni a Nan,data/raw\Speaker_id_7\nup_1364.txt,data/raw\Speaker_id_7\nup_1364.wav,Unknown,Unknown
Speaker_id_7,agan Aisha a da yawo November anko ma tinya michi gbingan gan wokinyi anko yon agan dubu hamsin tutu migan bekenan a woman Nan economy Nan yi Dannan GE la anko tinya har dubu hamsin o zhieye Aisha o zhieye eba won yecheda chieda shi anko Yan dubu hamsin o,data/raw\Speaker_id_7\nup_1365.txt,data/raw\Speaker_id_7\nup_1365.wav,Unknown,Unknown
Speaker_id_7,bagi ndochizhi e tso e yami mamaki kini wa leye bagi Kato ndochia kpe misun gan ngbashin wan yimi Nan de etunna yimi ne go salary yimi ne jin kazan na,data/raw\Speaker_id_7\nup_1366.txt,data/raw\Speaker_id_7\nup_1366.wav,Unknown,Unknown
Speaker_id_7,fochoyin ga miyi anty hajara o anty hajara fe ganyamin gan zainab a man 'gi eba guba egizhi ma kezhe,data/raw\Speaker_id_7\nup_1367.txt,data/raw\Speaker_id_7\nup_1367.wav,Unknown,Unknown
Speaker_id_7,Alhamdullilah miwo labarin ndochi yinanna agan eba Amina a emi tu nma mota shi miman pa lokaci na afe da yawo agan eba de yendo a emi haya wunda go wunchya Amina gunbo Amma gbani nna agan wan emi tu Wunma mota shi alhamdullilah Egan Nana ma mafi mi,data/raw\Speaker_id_7\nup_1368.txt,data/raw\Speaker_id_7\nup_1368.wav,Unknown,Unknown
Speaker_id_7,wokpe Egan na wegan na ko wa ma jin tabatawa gan Egan nna gaskiya u yo ebo na Egan nna unjin gan zainia Egan zakama u yo umman ga tinya wangya unga zhe Egan ewunsun min man de kagbo wunchi na Minya gi tachin zazhi gan minye gan yanwun na mide lokacin wunchya mimade kagbo wunchya,data/raw\Speaker_id_7\nup_1369.txt,data/raw\Speaker_id_7\nup_1369.wav,Unknown,Unknown
Speaker_id_7,wopa egina Dan class yi bona nayi Dan egi level two bona egi Egypt ndochi unwunkpa etiu etiutokun wunman de eye green wunfe pa Lexus ndochi toh agan egi wunchya jin ajeli Wallahi agan egi wunchya jin ajeli,data/raw\Speaker_id_7\nup_1370.txt,data/raw\Speaker_id_7\nup_1370.wav,Unknown,Unknown
Speaker_id_7,wokpe Nupe ye Nupe ezhimiuyo kin kakayin Dan Nigeria o Nupechizhi de eza Nigerchizhi ayo amman Dan local government kakayon yide Nupechizhi yan Bida yide Nupechizhi yan Lapai yide Nupechizhi yan lavun yide Nupechizhi ezhimizhi kakayin kin kakayin Ade o Amma kpatayin Nupe Nupechizhi woman ga gbin zandondo gan agangan Nupe Yan Bida agayi asali nupe achigegan o,data/raw\Speaker_id_7\nup_1371.txt,data/raw\Speaker_id_7\nup_1371.wav,Unknown,Unknown
Speaker_id_7,minye tanwogwa tobo soko tobo Annabyo tobo emanchi wobo minye wa minye wa wojin alfarma inni alfarma wunchi manyi alfarma wunchiko wungala michi tanwogwa o mima kpe gan wa jin wo ebo zazhi wagangan wajin a,data/raw\Speaker_id_7\nup_1372.txt,data/raw\Speaker_id_7\nup_1372.wav,Unknown,Unknown
Speaker_id_7,zhila evo abonna bo ebo na evo nnazhi Nan minlazhi abonna bo na untun eshi evo nnazhi ma Kyani zana kpe gan wunga la gwa to evo nnazhi nana wungagan kachi a Minya jin yena za wunchi a wa Nan,data/raw\Speaker_id_7\nup_1373.txt,data/raw\Speaker_id_7\nup_1373.wav,Unknown,Unknown
Speaker_id_7,zandondo na ge lotun gomnatio nan ko private organization na ko bank ko financial institution bona wunche jin ena gya Nan nadan mini contract nu sign na nan kokum unga gigwa fi computer Yan tunbau zawunchia lefi jin unma ya million guba Kuma wajin eya guta prison bo under section guwo ya law bo Nigeria o,data/raw\Speaker_id_7\nup_1374.txt,data/raw\Speaker_id_7\nup_1374.wav,Unknown,Unknown
Speaker_id_7,toh ena minde a gan Nan mia gan ni yengban mi ma tinya ni zandondo Nan ga de matsala be ena mingan nan wunyin mi wayo kokuma wunbyu tsunami nbo mima ga abonna ya minye wa gan zandondo u sun ewun a zana ga Dan zana ga de Egan be minyin na wubyu tsunmi unjin Egan mikpoto a ko Egan ewunsun a min Egan ma Yan ba mi gan ni,data/raw\Speaker_id_7\nup_1375.txt,data/raw\Speaker_id_7\nup_1375.wav,Unknown,Unknown
Speaker_id_7,nna gbugi ga lawe gbako bo harbe etswa gutwanio nna gbugi ga lagwa sunwe egwubo har eya guta o na gbugi ga lelea yon kagan wodan nbo Nan nna gbugi ga fe ba aduwa ya woyo woga ya yizhe nna kiuna nna gbugi ga fe jin aduwo gan woga ya yizhe nna kiuman o na gbugi ga ga fe ba aduwa ya woyo woga tinya nbo Nan har lokaci na wa zhinna,data/raw\Speaker_id_7\nup_1376.txt,data/raw\Speaker_id_7\nup_1376.wav,Unknown,Unknown
Speaker_id_7,yide be yizhe nna zandondo e jin yena bau Nan ade zana man kpe lolaciuna yejin ena bayi Nan yime ba gafara be soko Yan zandochozhi man Dagan lazhin har yeshi wanjin sallah a ndochizhi man agajin sallah alule e gia zazhi me la batan gan yigatsu yigbuegi gadan kabari bo Kuma ena kayin gbingan Nan gayi sallah Nan yejin Nan o . kagan alula we gia sallah a gia kagan yengban we gia sallah tsoa jin gwigochio tswa yidi ba gafara be soko e soko man o jin yafe yayi kpata,data/raw\Speaker_id_7\nup_1377.txt,data/raw\Speaker_id_7\nup_1377.wav,Unknown,Unknown
